2025-09-22 10:40:02 [GEHC]
Traceback (most recent call last):
  File "/ebs/scrips/daily_reports/cathlab_subscribers.py", line 59, in run_subscriber_extraction
    config = load_config(config_file)
  File "/ebs/scrips/daily_reports/cathlab_subscribers.py", line 39, in load_config
    with open(config_file) as f:
FileNotFoundError: [Errno 2] No such file or directory: 'config.json'

During handling of the above exception, another exception occurred:

Traceback (most recent call last):
  File "/ebs/scrips/daily_reports/cathlab_subscribers.py", line 141, in <module>
    run_subscriber_extraction(config_file, log_filename, cust_name)
  File "/ebs/scrips/daily_reports/cathlab_subscribers.py", line 130, in run_subscriber_extraction
    send_failure_email(config["email"], str(e))
UnboundLocalError: local variable 'config' referenced before assignment
2025-09-22 12:01:02 [WVUM]
No alert after login
No serials found for abdur.rahman@glassbeam.com → using base dashboard
Opening dashboard for abdur.rahman@glassbeam.com: https://gbsuperset.glassbeam.com/superset/dashboard/16/?&schema=wvum_extracts&bc2r_schema=crothall_wvum_prod_bc2r
Dashboard image downloaded for abdur.rahman@glassbeam.com: /tmp/superset_downloads/daily-report-cathlab-2025-09-22T12-01-34.016Z.jpg
Email sent to abdur.rahman@glassbeam.com
No alert after login
No serials found for aklank.choudhary@glassbeam.com → using base dashboard
Opening dashboard for aklank.choudhary@glassbeam.com: https://gbsuperset.glassbeam.com/superset/dashboard/16/?&schema=wvum_extracts&bc2r_schema=crothall_wvum_prod_bc2r
Dashboard image downloaded for aklank.choudhary@glassbeam.com: /tmp/superset_downloads/daily-report-cathlab-2025-09-22T12-02-05.193Z.jpg
Email sent to aklank.choudhary@glassbeam.com
[Alert after login] Hello from custom.js!
No serials found for ashik.kalasavalli@glassbeam.com → using base dashboard
Opening dashboard for ashik.kalasavalli@glassbeam.com: https://gbsuperset.glassbeam.com/superset/dashboard/16/?&schema=wvum_extracts&bc2r_schema=crothall_wvum_prod_bc2r
Dashboard image downloaded for ashik.kalasavalli@glassbeam.com: /tmp/superset_downloads/daily-report-cathlab-2025-09-22T12-02-38.896Z.jpg
Email sent to ashik.kalasavalli@glassbeam.com
No alert after login
No serials found for kate.haker@glassbeam.com → using base dashboard
Opening dashboard for kate.haker@glassbeam.com: https://gbsuperset.glassbeam.com/superset/dashboard/16/?&schema=wvum_extracts&bc2r_schema=crothall_wvum_prod_bc2r
Dashboard image downloaded for kate.haker@glassbeam.com: /tmp/superset_downloads/daily-report-cathlab-2025-09-22T12-03-12.050Z.jpg
Email sent to kate.haker@glassbeam.com
No alert after login
No serials found for mahima.panigatti@glassbeam.com → using base dashboard
Opening dashboard for mahima.panigatti@glassbeam.com: https://gbsuperset.glassbeam.com/superset/dashboard/16/?&schema=wvum_extracts&bc2r_schema=crothall_wvum_prod_bc2r
Dashboard image downloaded for mahima.panigatti@glassbeam.com: /tmp/superset_downloads/daily-report-ct-nyp-2025-09-22T12-03-41.067Z.jpg
Email sent to mahima.panigatti@glassbeam.com
No alert after login
No serials found for shreya@glassbeam.com → using base dashboard
Opening dashboard for shreya@glassbeam.com: https://gbsuperset.glassbeam.com/superset/dashboard/16/?&schema=wvum_extracts&bc2r_schema=crothall_wvum_prod_bc2r
Dashboard image downloaded for shreya@glassbeam.com: /tmp/superset_downloads/daily-report-cathlab-2025-09-22T12-04-24.226Z.jpg
Email sent to shreya@glassbeam.com
No alert after login
No serials found for susi.manimaran@glassbeam.com → using base dashboard
Opening dashboard for susi.manimaran@glassbeam.com: https://gbsuperset.glassbeam.com/superset/dashboard/16/?&schema=wvum_extracts&bc2r_schema=crothall_wvum_prod_bc2r
Dashboard image downloaded for susi.manimaran@glassbeam.com: /tmp/superset_downloads/daily-report-ct-nyp-2025-09-22T12-04-49.395Z.jpg
Email sent to susi.manimaran@glassbeam.com
2025-09-22 12:10:02 [MUHS]
No alert after login
No serials found for abdur.rahman@glassbeam.com → using base dashboard
Opening dashboard for abdur.rahman@glassbeam.com: https://gbsuperset.glassbeam.com/superset/dashboard/16/?&schema=muhs_extracts&bc2r_schema=muhs_muhs_prod_bc2r
Dashboard image downloaded for abdur.rahman@glassbeam.com: /tmp/superset_downloads/daily-report-cathlab-2025-09-22T12-11-01.662Z.jpg
Email sent to abdur.rahman@glassbeam.com
No alert after login
No serials found for aklank.choudhary@glassbeam.com → using base dashboard
Opening dashboard for aklank.choudhary@glassbeam.com: https://gbsuperset.glassbeam.com/superset/dashboard/16/?&schema=muhs_extracts&bc2r_schema=muhs_muhs_prod_bc2r
Dashboard image downloaded for aklank.choudhary@glassbeam.com: /tmp/superset_downloads/daily-report-cathlab-2025-09-22T12-12-13.752Z.jpg
Email sent to aklank.choudhary@glassbeam.com
No alert after login
No serials found for dl-solutions@glassbeam.com → using base dashboard
Opening dashboard for dl-solutions@glassbeam.com: https://gbsuperset.glassbeam.com/superset/dashboard/16/?&schema=muhs_extracts&bc2r_schema=muhs_muhs_prod_bc2r
Dashboard image downloaded for dl-solutions@glassbeam.com: /tmp/superset_downloads/daily-report-ct-nyp-2025-09-22T12-13-45.484Z.jpg
Email sent to dl-solutions@glassbeam.com
No alert after login
No serials found for dldavenport@multicare.org → using base dashboard
Opening dashboard for dldavenport@multicare.org: https://gbsuperset.glassbeam.com/superset/dashboard/16/?&schema=muhs_extracts&bc2r_schema=muhs_muhs_prod_bc2r
Dashboard image downloaded for dldavenport@multicare.org: /tmp/superset_downloads/daily-report-cathlab-2025-09-22T12-14-49.171Z.jpg
Email sent to dldavenport@multicare.org
No alert after login
No serials found for kate.haker@glassbeam.com → using base dashboard
Opening dashboard for kate.haker@glassbeam.com: https://gbsuperset.glassbeam.com/superset/dashboard/16/?&schema=muhs_extracts&bc2r_schema=muhs_muhs_prod_bc2r
Dashboard image downloaded for kate.haker@glassbeam.com: /tmp/superset_downloads/daily-report-cathlab-2025-09-22T12-15-40.273Z.jpg
Email sent to kate.haker@glassbeam.com
[Alert after login] Hello from custom.js!
No serials found for likhith.cr@glassbeam.com → using base dashboard
Opening dashboard for likhith.cr@glassbeam.com: https://gbsuperset.glassbeam.com/superset/dashboard/16/?&schema=muhs_extracts&bc2r_schema=muhs_muhs_prod_bc2r
Dashboard image downloaded for likhith.cr@glassbeam.com: /tmp/superset_downloads/mr-daily-report-nyp-2025-09-22T12-16-28.322Z.jpg
Email sent to likhith.cr@glassbeam.com
No alert after login
No serials found for reports@glassbeam.com → using base dashboard
Opening dashboard for reports@glassbeam.com: https://gbsuperset.glassbeam.com/superset/dashboard/16/?&schema=muhs_extracts&bc2r_schema=muhs_muhs_prod_bc2r
[Alert after opening dashboard] Hello from custom.js!
Dashboard image downloaded for reports@glassbeam.com: /tmp/superset_downloads/daily-report-cathlab-2025-09-22T12-17-37.325Z.jpg
Email sent to reports@glassbeam.com
[Alert after login] Hello from custom.js!
No serials found for richard.roppolo@multicare.org → using base dashboard
Opening dashboard for richard.roppolo@multicare.org: https://gbsuperset.glassbeam.com/superset/dashboard/16/?&schema=muhs_extracts&bc2r_schema=muhs_muhs_prod_bc2r
Dashboard image downloaded for richard.roppolo@multicare.org: /tmp/superset_downloads/daily-report-ct-nyp-2025-09-22T12-18-08.349Z.jpg
Email sent to richard.roppolo@multicare.org
No alert after login
No serials found for vivek.sundaram@glassbeam.com → using base dashboard
Opening dashboard for vivek.sundaram@glassbeam.com: https://gbsuperset.glassbeam.com/superset/dashboard/16/?&schema=muhs_extracts&bc2r_schema=muhs_muhs_prod_bc2r
Dashboard image downloaded for vivek.sundaram@glassbeam.com: /tmp/superset_downloads/daily-report-cathlab-2025-09-22T12-18-56.177Z.jpg
Email sent to vivek.sundaram@glassbeam.com
2025-09-23 09:45:02 [GEHC]
2025-09-23 11:15:02 [MUHS]
No alert after login
No serials found for abdur.rahman@glassbeam.com → using base dashboard
Opening dashboard for abdur.rahman@glassbeam.com: https://gbsuperset.glassbeam.com/superset/dashboard/16/?&schema=muhs_extracts&bc2r_schema=muhs_muhs_prod_bc2r
Dashboard image downloaded for abdur.rahman@glassbeam.com: /tmp/superset_downloads/daily-report-cathlab-2025-09-23T11-15-34.360Z.jpg
Email sent to abdur.rahman@glassbeam.com
No alert after login
No serials found for aklank.choudhary@glassbeam.com → using base dashboard
Opening dashboard for aklank.choudhary@glassbeam.com: https://gbsuperset.glassbeam.com/superset/dashboard/16/?&schema=muhs_extracts&bc2r_schema=muhs_muhs_prod_bc2r
Dashboard image downloaded for aklank.choudhary@glassbeam.com: /tmp/superset_downloads/daily-report-cathlab-2025-09-23T11-16-07.162Z.jpg
Email sent to aklank.choudhary@glassbeam.com
[Alert after login] Hello from custom.js!
No serials found for dl-solutions@glassbeam.com → using base dashboard
Opening dashboard for dl-solutions@glassbeam.com: https://gbsuperset.glassbeam.com/superset/dashboard/16/?&schema=muhs_extracts&bc2r_schema=muhs_muhs_prod_bc2r
Dashboard image downloaded for dl-solutions@glassbeam.com: /tmp/superset_downloads/daily-report-cathlab-2025-09-23T11-16-36.587Z.jpg
Email sent to dl-solutions@glassbeam.com
[Alert after login] Hello from custom.js!
No serials found for dldavenport@multicare.org → using base dashboard
Opening dashboard for dldavenport@multicare.org: https://gbsuperset.glassbeam.com/superset/dashboard/16/?&schema=muhs_extracts&bc2r_schema=muhs_muhs_prod_bc2r
Dashboard image downloaded for dldavenport@multicare.org: /tmp/superset_downloads/daily-report-cathlab-2025-09-23T11-17-06.317Z.jpg
Email sent to dldavenport@multicare.org
No alert after login
No serials found for kate.haker@glassbeam.com → using base dashboard
Opening dashboard for kate.haker@glassbeam.com: https://gbsuperset.glassbeam.com/superset/dashboard/16/?&schema=muhs_extracts&bc2r_schema=muhs_muhs_prod_bc2r
Dashboard image downloaded for kate.haker@glassbeam.com: /tmp/superset_downloads/daily-report-cathlab-2025-09-23T11-17-37.933Z.jpg
Email sent to kate.haker@glassbeam.com
[Alert after login] Hello from custom.js!
No serials found for reports@glassbeam.com → using base dashboard
Opening dashboard for reports@glassbeam.com: https://gbsuperset.glassbeam.com/superset/dashboard/16/?&schema=muhs_extracts&bc2r_schema=muhs_muhs_prod_bc2r
Dashboard image downloaded for reports@glassbeam.com: /tmp/superset_downloads/daily-report-cathlab-2025-09-23T11-18-07.151Z.jpg
Email sent to reports@glassbeam.com
[Alert after login] Hello from custom.js!
No serials found for richard.roppolo@multicare.org → using base dashboard
Opening dashboard for richard.roppolo@multicare.org: https://gbsuperset.glassbeam.com/superset/dashboard/16/?&schema=muhs_extracts&bc2r_schema=muhs_muhs_prod_bc2r
Dashboard image downloaded for richard.roppolo@multicare.org: /tmp/superset_downloads/daily-report-cathlab-2025-09-23T11-18-36.751Z.jpg
Email sent to richard.roppolo@multicare.org
No alert after login
No serials found for vivek.sundaram@glassbeam.com → using base dashboard
Opening dashboard for vivek.sundaram@glassbeam.com: https://gbsuperset.glassbeam.com/superset/dashboard/16/?&schema=muhs_extracts&bc2r_schema=muhs_muhs_prod_bc2r
Dashboard image downloaded for vivek.sundaram@glassbeam.com: /tmp/superset_downloads/daily-report-cathlab-2025-09-23T11-19-08.544Z.jpg
Email sent to vivek.sundaram@glassbeam.com
2025-09-23 12:00:01 [WVUM]
No alert after login
No serials found for abdur.rahman@glassbeam.com → using base dashboard
Opening dashboard for abdur.rahman@glassbeam.com: https://gbsuperset.glassbeam.com/superset/dashboard/16/?&schema=wvum_extracts&bc2r_schema=crothall_wvum_prod_bc2r
Dashboard image downloaded for abdur.rahman@glassbeam.com: /tmp/superset_downloads/daily-report-cathlab-2025-09-23T12-00-33.029Z.jpg
Email sent to abdur.rahman@glassbeam.com
[Alert after login] Hello from custom.js!
No serials found for aklank.choudhary@glassbeam.com → using base dashboard
Opening dashboard for aklank.choudhary@glassbeam.com: https://gbsuperset.glassbeam.com/superset/dashboard/16/?&schema=wvum_extracts&bc2r_schema=crothall_wvum_prod_bc2r
Dashboard image downloaded for aklank.choudhary@glassbeam.com: /tmp/superset_downloads/daily-report-cathlab-2025-09-23T12-01-03.576Z.jpg
Email sent to aklank.choudhary@glassbeam.com
[Alert after login] Hello from custom.js!
No serials found for ashik.kalasavalli@glassbeam.com → using base dashboard
Opening dashboard for ashik.kalasavalli@glassbeam.com: https://gbsuperset.glassbeam.com/superset/dashboard/16/?&schema=wvum_extracts&bc2r_schema=crothall_wvum_prod_bc2r
Dashboard image downloaded for ashik.kalasavalli@glassbeam.com: /tmp/superset_downloads/daily-report-cathlab-2025-09-23T12-01-33.176Z.jpg
Email sent to ashik.kalasavalli@glassbeam.com
No alert after login
No serials found for kate.haker@glassbeam.com → using base dashboard
Opening dashboard for kate.haker@glassbeam.com: https://gbsuperset.glassbeam.com/superset/dashboard/16/?&schema=wvum_extracts&bc2r_schema=crothall_wvum_prod_bc2r
Dashboard image downloaded for kate.haker@glassbeam.com: /tmp/superset_downloads/daily-report-cathlab-2025-09-23T12-02-06.451Z.jpg
Email sent to kate.haker@glassbeam.com
[Alert after login] Hello from custom.js!
No serials found for mahima.panigatti@glassbeam.com → using base dashboard
Opening dashboard for mahima.panigatti@glassbeam.com: https://gbsuperset.glassbeam.com/superset/dashboard/16/?&schema=wvum_extracts&bc2r_schema=crothall_wvum_prod_bc2r
Dashboard image downloaded for mahima.panigatti@glassbeam.com: /tmp/superset_downloads/daily-report-cathlab-2025-09-23T12-02-37.299Z.jpg
Email sent to mahima.panigatti@glassbeam.com
[Alert after login] Hello from custom.js!
No serials found for shreya@glassbeam.com → using base dashboard
Opening dashboard for shreya@glassbeam.com: https://gbsuperset.glassbeam.com/superset/dashboard/16/?&schema=wvum_extracts&bc2r_schema=crothall_wvum_prod_bc2r
Dashboard image downloaded for shreya@glassbeam.com: /tmp/superset_downloads/daily-report-cathlab-2025-09-23T12-03-06.387Z.jpg
Email sent to shreya@glassbeam.com
No alert after login
No serials found for susi.manimaran@glassbeam.com → using base dashboard
Opening dashboard for susi.manimaran@glassbeam.com: https://gbsuperset.glassbeam.com/superset/dashboard/16/?&schema=wvum_extracts&bc2r_schema=crothall_wvum_prod_bc2r
Dashboard image downloaded for susi.manimaran@glassbeam.com: /tmp/superset_downloads/daily-report-cathlab-2025-09-23T12-03-39.186Z.jpg
Email sent to susi.manimaran@glassbeam.com
2025-09-24 09:45:02 [GEHC]
No alert after login
No serials found for abdur.rahman@glassbeam.com → using base dashboard
Opening dashboard for abdur.rahman@glassbeam.com: https://gbsuperset.glassbeam.com/superset/dashboard/16/?&schema=gehc_extracts&bc2r_schema=gehc_gehc_prod_bc2r
Dashboard image downloaded for abdur.rahman@glassbeam.com: /tmp/superset_downloads/daily-report-cathlab-2025-09-24T09-45-34.401Z.jpg
Email sent to abdur.rahman@glassbeam.com
No alert after login
No serials found for aklank.choudhary@glassbeam.com → using base dashboard
Opening dashboard for aklank.choudhary@glassbeam.com: https://gbsuperset.glassbeam.com/superset/dashboard/16/?&schema=gehc_extracts&bc2r_schema=gehc_gehc_prod_bc2r
Dashboard image downloaded for aklank.choudhary@glassbeam.com: /tmp/superset_downloads/daily-report-cathlab-2025-09-24T09-46-06.026Z.jpg
Email sent to aklank.choudhary@glassbeam.com
No alert after login
No serials found for ashik.kalasavalli@glassbeam.com → using base dashboard
Opening dashboard for ashik.kalasavalli@glassbeam.com: https://gbsuperset.glassbeam.com/superset/dashboard/16/?&schema=gehc_extracts&bc2r_schema=gehc_gehc_prod_bc2r
Dashboard image downloaded for ashik.kalasavalli@glassbeam.com: /tmp/superset_downloads/daily-report-cathlab-2025-09-24T09-46-38.675Z.jpg
Email sent to ashik.kalasavalli@glassbeam.com
No alert after login
No serials found for kate.haker@glassbeam.com → using base dashboard
Opening dashboard for kate.haker@glassbeam.com: https://gbsuperset.glassbeam.com/superset/dashboard/16/?&schema=gehc_extracts&bc2r_schema=gehc_gehc_prod_bc2r
Dashboard image downloaded for kate.haker@glassbeam.com: /tmp/superset_downloads/daily-report-cathlab-2025-09-24T09-47-10.756Z.jpg
Email sent to kate.haker@glassbeam.com
[Alert after login] Hello from custom.js!
No serials found for mahima.panigatti@glassbeam.com → using base dashboard
Opening dashboard for mahima.panigatti@glassbeam.com: https://gbsuperset.glassbeam.com/superset/dashboard/16/?&schema=gehc_extracts&bc2r_schema=gehc_gehc_prod_bc2r
Dashboard image downloaded for mahima.panigatti@glassbeam.com: /tmp/superset_downloads/daily-report-cathlab-2025-09-24T09-47-41.287Z.jpg
Email sent to mahima.panigatti@glassbeam.com
[Alert after login] Hello from custom.js!
No serials found for shreya@glassbeam.com → using base dashboard
Opening dashboard for shreya@glassbeam.com: https://gbsuperset.glassbeam.com/superset/dashboard/16/?&schema=gehc_extracts&bc2r_schema=gehc_gehc_prod_bc2r
Dashboard image downloaded for shreya@glassbeam.com: /tmp/superset_downloads/daily-report-cathlab-2025-09-24T09-48-12.608Z.jpg
Email sent to shreya@glassbeam.com
No alert after login
No serials found for susi.manimaran@glassbeam.com → using base dashboard
Opening dashboard for susi.manimaran@glassbeam.com: https://gbsuperset.glassbeam.com/superset/dashboard/16/?&schema=gehc_extracts&bc2r_schema=gehc_gehc_prod_bc2r
Dashboard image downloaded for susi.manimaran@glassbeam.com: /tmp/superset_downloads/daily-report-cathlab-2025-09-24T09-48-45.661Z.jpg
Email sent to susi.manimaran@glassbeam.com
2025-09-24 11:15:01 [MUHS]
[Alert after login] Hello from custom.js!
No serials found for abdur.rahman@glassbeam.com → using base dashboard
Opening dashboard for abdur.rahman@glassbeam.com: https://gbsuperset.glassbeam.com/superset/dashboard/16/?&schema=muhs_extracts&bc2r_schema=muhs_muhs_prod_bc2r
Dashboard image downloaded for abdur.rahman@glassbeam.com: /tmp/superset_downloads/daily-report-cathlab-2025-09-24T11-15-31.691Z.jpg
Email sent to abdur.rahman@glassbeam.com
No alert after login
No serials found for aklank.choudhary@glassbeam.com → using base dashboard
Opening dashboard for aklank.choudhary@glassbeam.com: https://gbsuperset.glassbeam.com/superset/dashboard/16/?&schema=muhs_extracts&bc2r_schema=muhs_muhs_prod_bc2r
Dashboard image downloaded for aklank.choudhary@glassbeam.com: /tmp/superset_downloads/daily-report-cathlab-2025-09-24T11-16-05.079Z.jpg
Email sent to aklank.choudhary@glassbeam.com
[Alert after login] Hello from custom.js!
No serials found for dl-solutions@glassbeam.com → using base dashboard
Opening dashboard for dl-solutions@glassbeam.com: https://gbsuperset.glassbeam.com/superset/dashboard/16/?&schema=muhs_extracts&bc2r_schema=muhs_muhs_prod_bc2r
Dashboard image downloaded for dl-solutions@glassbeam.com: /tmp/superset_downloads/daily-report-cathlab-2025-09-24T11-16-35.095Z.jpg
Email sent to dl-solutions@glassbeam.com
No alert after login
No serials found for dldavenport@multicare.org → using base dashboard
Opening dashboard for dldavenport@multicare.org: https://gbsuperset.glassbeam.com/superset/dashboard/16/?&schema=muhs_extracts&bc2r_schema=muhs_muhs_prod_bc2r
Dashboard image downloaded for dldavenport@multicare.org: /tmp/superset_downloads/daily-report-cathlab-2025-09-24T11-17-07.458Z.jpg
Email sent to dldavenport@multicare.org
No alert after login
No serials found for kate.haker@glassbeam.com → using base dashboard
Opening dashboard for kate.haker@glassbeam.com: https://gbsuperset.glassbeam.com/superset/dashboard/16/?&schema=muhs_extracts&bc2r_schema=muhs_muhs_prod_bc2r
Dashboard image downloaded for kate.haker@glassbeam.com: /tmp/superset_downloads/daily-report-cathlab-2025-09-24T11-17-40.134Z.jpg
Email sent to kate.haker@glassbeam.com
[Alert after login] Hello from custom.js!
No serials found for reports@glassbeam.com → using base dashboard
Opening dashboard for reports@glassbeam.com: https://gbsuperset.glassbeam.com/superset/dashboard/16/?&schema=muhs_extracts&bc2r_schema=muhs_muhs_prod_bc2r
Dashboard image downloaded for reports@glassbeam.com: /tmp/superset_downloads/daily-report-cathlab-2025-09-24T11-18-09.628Z.jpg
Email sent to reports@glassbeam.com
[Alert after login] Hello from custom.js!
No serials found for richard.roppolo@multicare.org → using base dashboard
Opening dashboard for richard.roppolo@multicare.org: https://gbsuperset.glassbeam.com/superset/dashboard/16/?&schema=muhs_extracts&bc2r_schema=muhs_muhs_prod_bc2r
Dashboard image downloaded for richard.roppolo@multicare.org: /tmp/superset_downloads/daily-report-cathlab-2025-09-24T11-18-39.857Z.jpg
Email sent to richard.roppolo@multicare.org
No alert after login
No serials found for vivek.sundaram@glassbeam.com → using base dashboard
Opening dashboard for vivek.sundaram@glassbeam.com: https://gbsuperset.glassbeam.com/superset/dashboard/16/?&schema=muhs_extracts&bc2r_schema=muhs_muhs_prod_bc2r
Dashboard image downloaded for vivek.sundaram@glassbeam.com: /tmp/superset_downloads/daily-report-cathlab-2025-09-24T11-19-11.623Z.jpg
Email sent to vivek.sundaram@glassbeam.com
2025-09-24 12:00:01 [WVUM]
[Alert after login] Hello from custom.js!
No serials found for abdur.rahman@glassbeam.com → using base dashboard
Opening dashboard for abdur.rahman@glassbeam.com: https://gbsuperset.glassbeam.com/superset/dashboard/16/?&schema=wvum_extracts&bc2r_schema=crothall_wvum_prod_bc2r
Dashboard image downloaded for abdur.rahman@glassbeam.com: /tmp/superset_downloads/daily-report-cathlab-2025-09-24T12-00-30.872Z.jpg
Email sent to abdur.rahman@glassbeam.com
[Alert after login] Hello from custom.js!
No serials found for aklank.choudhary@glassbeam.com → using base dashboard
Opening dashboard for aklank.choudhary@glassbeam.com: https://gbsuperset.glassbeam.com/superset/dashboard/16/?&schema=wvum_extracts&bc2r_schema=crothall_wvum_prod_bc2r
Dashboard image downloaded for aklank.choudhary@glassbeam.com: /tmp/superset_downloads/daily-report-cathlab-2025-09-24T12-01-00.856Z.jpg
Email sent to aklank.choudhary@glassbeam.com
No alert after login
No serials found for ashik.kalasavalli@glassbeam.com → using base dashboard
Opening dashboard for ashik.kalasavalli@glassbeam.com: https://gbsuperset.glassbeam.com/superset/dashboard/16/?&schema=wvum_extracts&bc2r_schema=crothall_wvum_prod_bc2r
Dashboard image downloaded for ashik.kalasavalli@glassbeam.com: /tmp/superset_downloads/daily-report-cathlab-2025-09-24T12-01-32.938Z.jpg
Email sent to ashik.kalasavalli@glassbeam.com
[Alert after login] Hello from custom.js!
No serials found for kate.haker@glassbeam.com → using base dashboard
Opening dashboard for kate.haker@glassbeam.com: https://gbsuperset.glassbeam.com/superset/dashboard/16/?&schema=wvum_extracts&bc2r_schema=crothall_wvum_prod_bc2r
Dashboard image downloaded for kate.haker@glassbeam.com: /tmp/superset_downloads/daily-report-cathlab-2025-09-24T12-02-03.556Z.jpg
Email sent to kate.haker@glassbeam.com
No alert after login
No serials found for mahima.panigatti@glassbeam.com → using base dashboard
Opening dashboard for mahima.panigatti@glassbeam.com: https://gbsuperset.glassbeam.com/superset/dashboard/16/?&schema=wvum_extracts&bc2r_schema=crothall_wvum_prod_bc2r
Dashboard image downloaded for mahima.panigatti@glassbeam.com: /tmp/superset_downloads/daily-report-cathlab-2025-09-24T12-02-36.525Z.jpg
Email sent to mahima.panigatti@glassbeam.com
[Alert after login] Hello from custom.js!
No serials found for shreya@glassbeam.com → using base dashboard
Opening dashboard for shreya@glassbeam.com: https://gbsuperset.glassbeam.com/superset/dashboard/16/?&schema=wvum_extracts&bc2r_schema=crothall_wvum_prod_bc2r
Dashboard image downloaded for shreya@glassbeam.com: /tmp/superset_downloads/daily-report-cathlab-2025-09-24T12-03-08.174Z.jpg
Email sent to shreya@glassbeam.com
No alert after login
No serials found for susi.manimaran@glassbeam.com → using base dashboard
Opening dashboard for susi.manimaran@glassbeam.com: https://gbsuperset.glassbeam.com/superset/dashboard/16/?&schema=wvum_extracts&bc2r_schema=crothall_wvum_prod_bc2r
Dashboard image downloaded for susi.manimaran@glassbeam.com: /tmp/superset_downloads/daily-report-cathlab-2025-09-24T12-03-40.764Z.jpg
Email sent to susi.manimaran@glassbeam.com
2025-09-25 09:45:01 [GEHC]
[Alert after login] Hello from custom.js!
No serials found for abdur.rahman@glassbeam.com → using base dashboard
Opening dashboard for abdur.rahman@glassbeam.com: https://gbsuperset.glassbeam.com/superset/dashboard/16/?&schema=gehc_extracts&bc2r_schema=gehc_gehc_prod_bc2r
Dashboard image downloaded for abdur.rahman@glassbeam.com: /tmp/superset_downloads/daily-report-cathlab-2025-09-25T09-45-31.142Z.jpg
Email sent to abdur.rahman@glassbeam.com
No alert after login
No serials found for aklank.choudhary@glassbeam.com → using base dashboard
Opening dashboard for aklank.choudhary@glassbeam.com: https://gbsuperset.glassbeam.com/superset/dashboard/16/?&schema=gehc_extracts&bc2r_schema=gehc_gehc_prod_bc2r
Dashboard image downloaded for aklank.choudhary@glassbeam.com: /tmp/superset_downloads/daily-report-cathlab-2025-09-25T09-46-04.543Z.jpg
Email sent to aklank.choudhary@glassbeam.com
[Alert after login] Hello from custom.js!
No serials found for ashik.kalasavalli@glassbeam.com → using base dashboard
Opening dashboard for ashik.kalasavalli@glassbeam.com: https://gbsuperset.glassbeam.com/superset/dashboard/16/?&schema=gehc_extracts&bc2r_schema=gehc_gehc_prod_bc2r
Dashboard image downloaded for ashik.kalasavalli@glassbeam.com: /tmp/superset_downloads/daily-report-cathlab-2025-09-25T09-46-36.676Z.jpg
Email sent to ashik.kalasavalli@glassbeam.com
[Alert after login] Hello from custom.js!
No serials found for kate.haker@glassbeam.com → using base dashboard
Opening dashboard for kate.haker@glassbeam.com: https://gbsuperset.glassbeam.com/superset/dashboard/16/?&schema=gehc_extracts&bc2r_schema=gehc_gehc_prod_bc2r
Dashboard image downloaded for kate.haker@glassbeam.com: /tmp/superset_downloads/daily-report-cathlab-2025-09-25T09-47-07.486Z.jpg
Email sent to kate.haker@glassbeam.com
[Alert after login] Hello from custom.js!
No serials found for mahima.panigatti@glassbeam.com → using base dashboard
Opening dashboard for mahima.panigatti@glassbeam.com: https://gbsuperset.glassbeam.com/superset/dashboard/16/?&schema=gehc_extracts&bc2r_schema=gehc_gehc_prod_bc2r
Dashboard image downloaded for mahima.panigatti@glassbeam.com: /tmp/superset_downloads/daily-report-cathlab-2025-09-25T09-47-37.166Z.jpg
Email sent to mahima.panigatti@glassbeam.com
[Alert after login] Hello from custom.js!
No serials found for shreya@glassbeam.com → using base dashboard
Opening dashboard for shreya@glassbeam.com: https://gbsuperset.glassbeam.com/superset/dashboard/16/?&schema=gehc_extracts&bc2r_schema=gehc_gehc_prod_bc2r
Dashboard image downloaded for shreya@glassbeam.com: /tmp/superset_downloads/daily-report-cathlab-2025-09-25T09-48-07.332Z.jpg
Email sent to shreya@glassbeam.com
No alert after login
No serials found for susi.manimaran@glassbeam.com → using base dashboard
Opening dashboard for susi.manimaran@glassbeam.com: https://gbsuperset.glassbeam.com/superset/dashboard/16/?&schema=gehc_extracts&bc2r_schema=gehc_gehc_prod_bc2r
Dashboard image downloaded for susi.manimaran@glassbeam.com: /tmp/superset_downloads/daily-report-cathlab-2025-09-25T09-48-39.608Z.jpg
Email sent to susi.manimaran@glassbeam.com
2025-09-25 11:15:01 [MUHS]
[Alert after login] Hello from custom.js!
No serials found for abdur.rahman@glassbeam.com → using base dashboard
Opening dashboard for abdur.rahman@glassbeam.com: https://gbsuperset.glassbeam.com/superset/dashboard/16/?&schema=muhs_extracts&bc2r_schema=muhs_muhs_prod_bc2r
Dashboard image downloaded for abdur.rahman@glassbeam.com: /tmp/superset_downloads/daily-report-cathlab-2025-09-25T11-15-31.346Z.jpg
Email sent to abdur.rahman@glassbeam.com
[Alert after login] Hello from custom.js!
No serials found for aklank.choudhary@glassbeam.com → using base dashboard
Opening dashboard for aklank.choudhary@glassbeam.com: https://gbsuperset.glassbeam.com/superset/dashboard/16/?&schema=muhs_extracts&bc2r_schema=muhs_muhs_prod_bc2r
Dashboard image downloaded for aklank.choudhary@glassbeam.com: /tmp/superset_downloads/daily-report-cathlab-2025-09-25T11-16-01.357Z.jpg
Email sent to aklank.choudhary@glassbeam.com
No alert after login
No serials found for dl-solutions@glassbeam.com → using base dashboard
Opening dashboard for dl-solutions@glassbeam.com: https://gbsuperset.glassbeam.com/superset/dashboard/16/?&schema=muhs_extracts&bc2r_schema=muhs_muhs_prod_bc2r
Dashboard image downloaded for dl-solutions@glassbeam.com: /tmp/superset_downloads/daily-report-cathlab-2025-09-25T11-16-34.233Z.jpg
Email sent to dl-solutions@glassbeam.com
No alert after login
No serials found for dldavenport@multicare.org → using base dashboard
Opening dashboard for dldavenport@multicare.org: https://gbsuperset.glassbeam.com/superset/dashboard/16/?&schema=muhs_extracts&bc2r_schema=muhs_muhs_prod_bc2r
Dashboard image downloaded for dldavenport@multicare.org: /tmp/superset_downloads/daily-report-cathlab-2025-09-25T11-17-06.658Z.jpg
Email sent to dldavenport@multicare.org
[Alert after login] Hello from custom.js!
No serials found for kate.haker@glassbeam.com → using base dashboard
Opening dashboard for kate.haker@glassbeam.com: https://gbsuperset.glassbeam.com/superset/dashboard/16/?&schema=muhs_extracts&bc2r_schema=muhs_muhs_prod_bc2r
Dashboard image downloaded for kate.haker@glassbeam.com: /tmp/superset_downloads/daily-report-cathlab-2025-09-25T11-17-36.520Z.jpg
Email sent to kate.haker@glassbeam.com
No alert after login
No serials found for reports@glassbeam.com → using base dashboard
Opening dashboard for reports@glassbeam.com: https://gbsuperset.glassbeam.com/superset/dashboard/16/?&schema=muhs_extracts&bc2r_schema=muhs_muhs_prod_bc2r
Dashboard image downloaded for reports@glassbeam.com: /tmp/superset_downloads/daily-report-cathlab-2025-09-25T11-18-09.030Z.jpg
Email sent to reports@glassbeam.com
No alert after login
No serials found for richard.roppolo@multicare.org → using base dashboard
Opening dashboard for richard.roppolo@multicare.org: https://gbsuperset.glassbeam.com/superset/dashboard/16/?&schema=muhs_extracts&bc2r_schema=muhs_muhs_prod_bc2r
Dashboard image downloaded for richard.roppolo@multicare.org: /tmp/superset_downloads/daily-report-cathlab-2025-09-25T11-18-41.272Z.jpg
Email sent to richard.roppolo@multicare.org
No alert after login
No serials found for vivek.sundaram@glassbeam.com → using base dashboard
Opening dashboard for vivek.sundaram@glassbeam.com: https://gbsuperset.glassbeam.com/superset/dashboard/16/?&schema=muhs_extracts&bc2r_schema=muhs_muhs_prod_bc2r
Dashboard image downloaded for vivek.sundaram@glassbeam.com: /tmp/superset_downloads/daily-report-cathlab-2025-09-25T11-19-12.404Z.jpg
Email sent to vivek.sundaram@glassbeam.com
2025-09-25 12:00:01 [WVUM]
No alert after login
No serials found for abdur.rahman@glassbeam.com → using base dashboard
Opening dashboard for abdur.rahman@glassbeam.com: https://gbsuperset.glassbeam.com/superset/dashboard/16/?&schema=wvum_extracts&bc2r_schema=crothall_wvum_prod_bc2r
Dashboard image downloaded for abdur.rahman@glassbeam.com: /tmp/superset_downloads/daily-report-cathlab-2025-09-25T12-00-33.328Z.jpg
Email sent to abdur.rahman@glassbeam.com
[Alert after login] Hello from custom.js!
No serials found for aklank.choudhary@glassbeam.com → using base dashboard
Opening dashboard for aklank.choudhary@glassbeam.com: https://gbsuperset.glassbeam.com/superset/dashboard/16/?&schema=wvum_extracts&bc2r_schema=crothall_wvum_prod_bc2r
Dashboard image downloaded for aklank.choudhary@glassbeam.com: /tmp/superset_downloads/daily-report-cathlab-2025-09-25T12-01-02.978Z.jpg
Email sent to aklank.choudhary@glassbeam.com
No alert after login
No serials found for ashik.kalasavalli@glassbeam.com → using base dashboard
Opening dashboard for ashik.kalasavalli@glassbeam.com: https://gbsuperset.glassbeam.com/superset/dashboard/16/?&schema=wvum_extracts&bc2r_schema=crothall_wvum_prod_bc2r
Dashboard image downloaded for ashik.kalasavalli@glassbeam.com: /tmp/superset_downloads/daily-report-cathlab-2025-09-25T12-01-34.682Z.jpg
Email sent to ashik.kalasavalli@glassbeam.com
No alert after login
No serials found for kate.haker@glassbeam.com → using base dashboard
Opening dashboard for kate.haker@glassbeam.com: https://gbsuperset.glassbeam.com/superset/dashboard/16/?&schema=wvum_extracts&bc2r_schema=crothall_wvum_prod_bc2r
Dashboard image downloaded for kate.haker@glassbeam.com: /tmp/superset_downloads/daily-report-cathlab-2025-09-25T12-02-06.147Z.jpg
Email sent to kate.haker@glassbeam.com
[Alert after login] Hello from custom.js!
No serials found for mahima.panigatti@glassbeam.com → using base dashboard
Opening dashboard for mahima.panigatti@glassbeam.com: https://gbsuperset.glassbeam.com/superset/dashboard/16/?&schema=wvum_extracts&bc2r_schema=crothall_wvum_prod_bc2r
Dashboard image downloaded for mahima.panigatti@glassbeam.com: /tmp/superset_downloads/daily-report-cathlab-2025-09-25T12-02-37.047Z.jpg
Email sent to mahima.panigatti@glassbeam.com
[Alert after login] Hello from custom.js!
No serials found for shreya@glassbeam.com → using base dashboard
Opening dashboard for shreya@glassbeam.com: https://gbsuperset.glassbeam.com/superset/dashboard/16/?&schema=wvum_extracts&bc2r_schema=crothall_wvum_prod_bc2r
Dashboard image downloaded for shreya@glassbeam.com: /tmp/superset_downloads/daily-report-cathlab-2025-09-25T12-03-07.010Z.jpg
Email sent to shreya@glassbeam.com
No alert after login
No serials found for susi.manimaran@glassbeam.com → using base dashboard
Opening dashboard for susi.manimaran@glassbeam.com: https://gbsuperset.glassbeam.com/superset/dashboard/16/?&schema=wvum_extracts&bc2r_schema=crothall_wvum_prod_bc2r
Dashboard image downloaded for susi.manimaran@glassbeam.com: /tmp/superset_downloads/daily-report-cathlab-2025-09-25T12-03-39.323Z.jpg
Email sent to susi.manimaran@glassbeam.com
2025-09-26 09:45:01 [GEHC]
No alert after login
No serials found for abdur.rahman@glassbeam.com → using base dashboard
Opening dashboard for abdur.rahman@glassbeam.com: https://gbsuperset.glassbeam.com/superset/dashboard/16/?&schema=gehc_extracts&bc2r_schema=gehc_gehc_prod_bc2r
Dashboard image downloaded for abdur.rahman@glassbeam.com: /tmp/superset_downloads/daily-report-cathlab-2025-09-26T09-45-33.272Z.jpg
Email sent to abdur.rahman@glassbeam.com
No alert after login
No serials found for aklank.choudhary@glassbeam.com → using base dashboard
Opening dashboard for aklank.choudhary@glassbeam.com: https://gbsuperset.glassbeam.com/superset/dashboard/16/?&schema=gehc_extracts&bc2r_schema=gehc_gehc_prod_bc2r
Dashboard image downloaded for aklank.choudhary@glassbeam.com: /tmp/superset_downloads/daily-report-cathlab-2025-09-26T09-46-04.031Z.jpg
Email sent to aklank.choudhary@glassbeam.com
No alert after login
No serials found for ashik.kalasavalli@glassbeam.com → using base dashboard
Opening dashboard for ashik.kalasavalli@glassbeam.com: https://gbsuperset.glassbeam.com/superset/dashboard/16/?&schema=gehc_extracts&bc2r_schema=gehc_gehc_prod_bc2r
Dashboard image downloaded for ashik.kalasavalli@glassbeam.com: /tmp/superset_downloads/daily-report-cathlab-2025-09-26T09-46-36.234Z.jpg
Email sent to ashik.kalasavalli@glassbeam.com
No alert after login
No serials found for kate.haker@glassbeam.com → using base dashboard
Opening dashboard for kate.haker@glassbeam.com: https://gbsuperset.glassbeam.com/superset/dashboard/16/?&schema=gehc_extracts&bc2r_schema=gehc_gehc_prod_bc2r
Dashboard image downloaded for kate.haker@glassbeam.com: /tmp/superset_downloads/daily-report-cathlab-2025-09-26T09-47-08.846Z.jpg
Email sent to kate.haker@glassbeam.com
No alert after login
No serials found for mahima.panigatti@glassbeam.com → using base dashboard
Opening dashboard for mahima.panigatti@glassbeam.com: https://gbsuperset.glassbeam.com/superset/dashboard/16/?&schema=gehc_extracts&bc2r_schema=gehc_gehc_prod_bc2r
Dashboard image downloaded for mahima.panigatti@glassbeam.com: /tmp/superset_downloads/daily-report-cathlab-2025-09-26T09-47-41.088Z.jpg
Email sent to mahima.panigatti@glassbeam.com
No alert after login
No serials found for shreya@glassbeam.com → using base dashboard
Opening dashboard for shreya@glassbeam.com: https://gbsuperset.glassbeam.com/superset/dashboard/16/?&schema=gehc_extracts&bc2r_schema=gehc_gehc_prod_bc2r
Dashboard image downloaded for shreya@glassbeam.com: /tmp/superset_downloads/daily-report-cathlab-2025-09-26T09-48-13.560Z.jpg
Email sent to shreya@glassbeam.com
No alert after login
No serials found for susi.manimaran@glassbeam.com → using base dashboard
Opening dashboard for susi.manimaran@glassbeam.com: https://gbsuperset.glassbeam.com/superset/dashboard/16/?&schema=gehc_extracts&bc2r_schema=gehc_gehc_prod_bc2r
Dashboard image downloaded for susi.manimaran@glassbeam.com: /tmp/superset_downloads/daily-report-cathlab-2025-09-26T09-48-45.588Z.jpg
Email sent to susi.manimaran@glassbeam.com
2025-09-26 11:15:01 [MUHS]
No alert after login
No serials found for abdur.rahman@glassbeam.com → using base dashboard
Opening dashboard for abdur.rahman@glassbeam.com: https://gbsuperset.glassbeam.com/superset/dashboard/16/?&schema=muhs_extracts&bc2r_schema=muhs_muhs_prod_bc2r
Dashboard image downloaded for abdur.rahman@glassbeam.com: /tmp/superset_downloads/daily-report-cathlab-2025-09-26T11-15-33.223Z.jpg
Email sent to abdur.rahman@glassbeam.com
No alert after login
No serials found for aklank.choudhary@glassbeam.com → using base dashboard
Opening dashboard for aklank.choudhary@glassbeam.com: https://gbsuperset.glassbeam.com/superset/dashboard/16/?&schema=muhs_extracts&bc2r_schema=muhs_muhs_prod_bc2r
Dashboard image downloaded for aklank.choudhary@glassbeam.com: /tmp/superset_downloads/daily-report-cathlab-2025-09-26T11-16-06.362Z.jpg
Email sent to aklank.choudhary@glassbeam.com
No alert after login
No serials found for dl-solutions@glassbeam.com → using base dashboard
Opening dashboard for dl-solutions@glassbeam.com: https://gbsuperset.glassbeam.com/superset/dashboard/16/?&schema=muhs_extracts&bc2r_schema=muhs_muhs_prod_bc2r
Dashboard image downloaded for dl-solutions@glassbeam.com: /tmp/superset_downloads/daily-report-cathlab-2025-09-26T11-16-39.701Z.jpg
Email sent to dl-solutions@glassbeam.com
[Alert after login] Hello from custom.js!
No serials found for dldavenport@multicare.org → using base dashboard
Opening dashboard for dldavenport@multicare.org: https://gbsuperset.glassbeam.com/superset/dashboard/16/?&schema=muhs_extracts&bc2r_schema=muhs_muhs_prod_bc2r
Dashboard image downloaded for dldavenport@multicare.org: /tmp/superset_downloads/daily-report-cathlab-2025-09-26T11-17-09.417Z.jpg
Email sent to dldavenport@multicare.org
No alert after login
No serials found for kate.haker@glassbeam.com → using base dashboard
Opening dashboard for kate.haker@glassbeam.com: https://gbsuperset.glassbeam.com/superset/dashboard/16/?&schema=muhs_extracts&bc2r_schema=muhs_muhs_prod_bc2r
Dashboard image downloaded for kate.haker@glassbeam.com: /tmp/superset_downloads/daily-report-cathlab-2025-09-26T11-17-42.025Z.jpg
Email sent to kate.haker@glassbeam.com
No alert after login
No serials found for reports@glassbeam.com → using base dashboard
Opening dashboard for reports@glassbeam.com: https://gbsuperset.glassbeam.com/superset/dashboard/16/?&schema=muhs_extracts&bc2r_schema=muhs_muhs_prod_bc2r
Dashboard image downloaded for reports@glassbeam.com: /tmp/superset_downloads/daily-report-cathlab-2025-09-26T11-18-14.817Z.jpg
Email sent to reports@glassbeam.com
No alert after login
No serials found for richard.roppolo@multicare.org → using base dashboard
Opening dashboard for richard.roppolo@multicare.org: https://gbsuperset.glassbeam.com/superset/dashboard/16/?&schema=muhs_extracts&bc2r_schema=muhs_muhs_prod_bc2r
Dashboard image downloaded for richard.roppolo@multicare.org: /tmp/superset_downloads/daily-report-cathlab-2025-09-26T11-18-47.370Z.jpg
Email sent to richard.roppolo@multicare.org
No alert after login
No serials found for vivek.sundaram@glassbeam.com → using base dashboard
Opening dashboard for vivek.sundaram@glassbeam.com: https://gbsuperset.glassbeam.com/superset/dashboard/16/?&schema=muhs_extracts&bc2r_schema=muhs_muhs_prod_bc2r
Dashboard image downloaded for vivek.sundaram@glassbeam.com: /tmp/superset_downloads/daily-report-cathlab-2025-09-26T11-19-19.332Z.jpg
Email sent to vivek.sundaram@glassbeam.com
2025-09-26 12:00:01 [WVUM]
[Alert after login] Hello from custom.js!
No serials found for abdur.rahman@glassbeam.com → using base dashboard
Opening dashboard for abdur.rahman@glassbeam.com: https://gbsuperset.glassbeam.com/superset/dashboard/16/?&schema=wvum_extracts&bc2r_schema=crothall_wvum_prod_bc2r
Dashboard image downloaded for abdur.rahman@glassbeam.com: /tmp/superset_downloads/daily-report-cathlab-2025-09-26T12-00-31.317Z.jpg
Email sent to abdur.rahman@glassbeam.com
No alert after login
No serials found for aklank.choudhary@glassbeam.com → using base dashboard
Opening dashboard for aklank.choudhary@glassbeam.com: https://gbsuperset.glassbeam.com/superset/dashboard/16/?&schema=wvum_extracts&bc2r_schema=crothall_wvum_prod_bc2r
Dashboard image downloaded for aklank.choudhary@glassbeam.com: /tmp/superset_downloads/daily-report-cathlab-2025-09-26T12-01-03.009Z.jpg
Email sent to aklank.choudhary@glassbeam.com
[Alert after login] Hello from custom.js!
No serials found for ashik.kalasavalli@glassbeam.com → using base dashboard
Opening dashboard for ashik.kalasavalli@glassbeam.com: https://gbsuperset.glassbeam.com/superset/dashboard/16/?&schema=wvum_extracts&bc2r_schema=crothall_wvum_prod_bc2r
Dashboard image downloaded for ashik.kalasavalli@glassbeam.com: /tmp/superset_downloads/daily-report-cathlab-2025-09-26T12-01-32.792Z.jpg
Email sent to ashik.kalasavalli@glassbeam.com
No alert after login
No serials found for kate.haker@glassbeam.com → using base dashboard
Opening dashboard for kate.haker@glassbeam.com: https://gbsuperset.glassbeam.com/superset/dashboard/16/?&schema=wvum_extracts&bc2r_schema=crothall_wvum_prod_bc2r
Dashboard image downloaded for kate.haker@glassbeam.com: /tmp/superset_downloads/daily-report-cathlab-2025-09-26T12-02-05.281Z.jpg
Email sent to kate.haker@glassbeam.com
No alert after login
No serials found for mahima.panigatti@glassbeam.com → using base dashboard
Opening dashboard for mahima.panigatti@glassbeam.com: https://gbsuperset.glassbeam.com/superset/dashboard/16/?&schema=wvum_extracts&bc2r_schema=crothall_wvum_prod_bc2r
Dashboard image downloaded for mahima.panigatti@glassbeam.com: /tmp/superset_downloads/daily-report-cathlab-2025-09-26T12-02-38.082Z.jpg
Email sent to mahima.panigatti@glassbeam.com
[Alert after login] Hello from custom.js!
No serials found for shreya@glassbeam.com → using base dashboard
Opening dashboard for shreya@glassbeam.com: https://gbsuperset.glassbeam.com/superset/dashboard/16/?&schema=wvum_extracts&bc2r_schema=crothall_wvum_prod_bc2r
Dashboard image downloaded for shreya@glassbeam.com: /tmp/superset_downloads/daily-report-cathlab-2025-09-26T12-03-08.263Z.jpg
Email sent to shreya@glassbeam.com
No alert after login
No serials found for susi.manimaran@glassbeam.com → using base dashboard
Opening dashboard for susi.manimaran@glassbeam.com: https://gbsuperset.glassbeam.com/superset/dashboard/16/?&schema=wvum_extracts&bc2r_schema=crothall_wvum_prod_bc2r
Dashboard image downloaded for susi.manimaran@glassbeam.com: /tmp/superset_downloads/daily-report-cathlab-2025-09-26T12-03-40.796Z.jpg
Email sent to susi.manimaran@glassbeam.com
2025-09-27 09:45:01 [GEHC]
[Alert after login] Hello from custom.js!
No serials found for abdur.rahman@glassbeam.com → using base dashboard
Opening dashboard for abdur.rahman@glassbeam.com: https://gbsuperset.glassbeam.com/superset/dashboard/16/?&schema=gehc_extracts&bc2r_schema=gehc_gehc_prod_bc2r
Dashboard image downloaded for abdur.rahman@glassbeam.com: /tmp/superset_downloads/daily-report-cathlab-2025-09-27T09-45-32.526Z.jpg
Email sent to abdur.rahman@glassbeam.com
[Alert after login] Hello from custom.js!
No serials found for aklank.choudhary@glassbeam.com → using base dashboard
Opening dashboard for aklank.choudhary@glassbeam.com: https://gbsuperset.glassbeam.com/superset/dashboard/16/?&schema=gehc_extracts&bc2r_schema=gehc_gehc_prod_bc2r
Dashboard image downloaded for aklank.choudhary@glassbeam.com: /tmp/superset_downloads/daily-report-cathlab-2025-09-27T09-46-03.695Z.jpg
Email sent to aklank.choudhary@glassbeam.com
No alert after login
No serials found for ashik.kalasavalli@glassbeam.com → using base dashboard
Opening dashboard for ashik.kalasavalli@glassbeam.com: https://gbsuperset.glassbeam.com/superset/dashboard/16/?&schema=gehc_extracts&bc2r_schema=gehc_gehc_prod_bc2r
Dashboard image downloaded for ashik.kalasavalli@glassbeam.com: /tmp/superset_downloads/daily-report-cathlab-2025-09-27T09-46-34.972Z.jpg
Email sent to ashik.kalasavalli@glassbeam.com
[Alert after login] Hello from custom.js!
No serials found for kate.haker@glassbeam.com → using base dashboard
Opening dashboard for kate.haker@glassbeam.com: https://gbsuperset.glassbeam.com/superset/dashboard/16/?&schema=gehc_extracts&bc2r_schema=gehc_gehc_prod_bc2r
Dashboard image downloaded for kate.haker@glassbeam.com: /tmp/superset_downloads/daily-report-cathlab-2025-09-27T09-47-04.989Z.jpg
Email sent to kate.haker@glassbeam.com
No alert after login
No serials found for mahima.panigatti@glassbeam.com → using base dashboard
Opening dashboard for mahima.panigatti@glassbeam.com: https://gbsuperset.glassbeam.com/superset/dashboard/16/?&schema=gehc_extracts&bc2r_schema=gehc_gehc_prod_bc2r
Dashboard image downloaded for mahima.panigatti@glassbeam.com: /tmp/superset_downloads/daily-report-cathlab-2025-09-27T09-47-37.132Z.jpg
Email sent to mahima.panigatti@glassbeam.com
No alert after login
No serials found for shreya@glassbeam.com → using base dashboard
Opening dashboard for shreya@glassbeam.com: https://gbsuperset.glassbeam.com/superset/dashboard/16/?&schema=gehc_extracts&bc2r_schema=gehc_gehc_prod_bc2r
Dashboard image downloaded for shreya@glassbeam.com: /tmp/superset_downloads/daily-report-cathlab-2025-09-27T09-48-09.232Z.jpg
Email sent to shreya@glassbeam.com
[Alert after login] Hello from custom.js!
No serials found for susi.manimaran@glassbeam.com → using base dashboard
Opening dashboard for susi.manimaran@glassbeam.com: https://gbsuperset.glassbeam.com/superset/dashboard/16/?&schema=gehc_extracts&bc2r_schema=gehc_gehc_prod_bc2r
Dashboard image downloaded for susi.manimaran@glassbeam.com: /tmp/superset_downloads/daily-report-cathlab-2025-09-27T09-48-38.884Z.jpg
Email sent to susi.manimaran@glassbeam.com
2025-09-27 11:15:01 [MUHS]
[Alert after login] Hello from custom.js!
No serials found for abdur.rahman@glassbeam.com → using base dashboard
Opening dashboard for abdur.rahman@glassbeam.com: https://gbsuperset.glassbeam.com/superset/dashboard/16/?&schema=muhs_extracts&bc2r_schema=muhs_muhs_prod_bc2r
Dashboard image downloaded for abdur.rahman@glassbeam.com: /tmp/superset_downloads/daily-report-cathlab-2025-09-27T11-15-31.218Z.jpg
Email sent to abdur.rahman@glassbeam.com
No alert after login
No serials found for aklank.choudhary@glassbeam.com → using base dashboard
Opening dashboard for aklank.choudhary@glassbeam.com: https://gbsuperset.glassbeam.com/superset/dashboard/16/?&schema=muhs_extracts&bc2r_schema=muhs_muhs_prod_bc2r
Dashboard image downloaded for aklank.choudhary@glassbeam.com: /tmp/superset_downloads/daily-report-cathlab-2025-09-27T11-16-03.192Z.jpg
Email sent to aklank.choudhary@glassbeam.com
No alert after login
No serials found for dl-solutions@glassbeam.com → using base dashboard
Opening dashboard for dl-solutions@glassbeam.com: https://gbsuperset.glassbeam.com/superset/dashboard/16/?&schema=muhs_extracts&bc2r_schema=muhs_muhs_prod_bc2r
Dashboard image downloaded for dl-solutions@glassbeam.com: /tmp/superset_downloads/daily-report-cathlab-2025-09-27T11-16-34.481Z.jpg
Email sent to dl-solutions@glassbeam.com
No alert after login
No serials found for dldavenport@multicare.org → using base dashboard
Opening dashboard for dldavenport@multicare.org: https://gbsuperset.glassbeam.com/superset/dashboard/16/?&schema=muhs_extracts&bc2r_schema=muhs_muhs_prod_bc2r
Dashboard image downloaded for dldavenport@multicare.org: /tmp/superset_downloads/daily-report-cathlab-2025-09-27T11-17-05.907Z.jpg
Email sent to dldavenport@multicare.org
No alert after login
No serials found for kate.haker@glassbeam.com → using base dashboard
Opening dashboard for kate.haker@glassbeam.com: https://gbsuperset.glassbeam.com/superset/dashboard/16/?&schema=muhs_extracts&bc2r_schema=muhs_muhs_prod_bc2r
Dashboard image downloaded for kate.haker@glassbeam.com: /tmp/superset_downloads/daily-report-cathlab-2025-09-27T11-17-38.302Z.jpg
Email sent to kate.haker@glassbeam.com
No alert after login
No serials found for reports@glassbeam.com → using base dashboard
Opening dashboard for reports@glassbeam.com: https://gbsuperset.glassbeam.com/superset/dashboard/16/?&schema=muhs_extracts&bc2r_schema=muhs_muhs_prod_bc2r
Dashboard image downloaded for reports@glassbeam.com: /tmp/superset_downloads/daily-report-cathlab-2025-09-27T11-18-09.628Z.jpg
Email sent to reports@glassbeam.com
[Alert after login] Hello from custom.js!
No serials found for richard.roppolo@multicare.org → using base dashboard
Opening dashboard for richard.roppolo@multicare.org: https://gbsuperset.glassbeam.com/superset/dashboard/16/?&schema=muhs_extracts&bc2r_schema=muhs_muhs_prod_bc2r
Dashboard image downloaded for richard.roppolo@multicare.org: /tmp/superset_downloads/daily-report-cathlab-2025-09-27T11-18-39.492Z.jpg
Email sent to richard.roppolo@multicare.org
No alert after login
No serials found for vivek.sundaram@glassbeam.com → using base dashboard
Opening dashboard for vivek.sundaram@glassbeam.com: https://gbsuperset.glassbeam.com/superset/dashboard/16/?&schema=muhs_extracts&bc2r_schema=muhs_muhs_prod_bc2r
Dashboard image downloaded for vivek.sundaram@glassbeam.com: /tmp/superset_downloads/daily-report-cathlab-2025-09-27T11-19-11.089Z.jpg
Email sent to vivek.sundaram@glassbeam.com
2025-09-27 12:00:01 [WVUM]
No alert after login
No serials found for abdur.rahman@glassbeam.com → using base dashboard
Opening dashboard for abdur.rahman@glassbeam.com: https://gbsuperset.glassbeam.com/superset/dashboard/16/?&schema=wvum_extracts&bc2r_schema=crothall_wvum_prod_bc2r
Dashboard image downloaded for abdur.rahman@glassbeam.com: /tmp/superset_downloads/daily-report-cathlab-2025-09-27T12-00-33.924Z.jpg
Email sent to abdur.rahman@glassbeam.com
No alert after login
No serials found for aklank.choudhary@glassbeam.com → using base dashboard
Opening dashboard for aklank.choudhary@glassbeam.com: https://gbsuperset.glassbeam.com/superset/dashboard/16/?&schema=wvum_extracts&bc2r_schema=crothall_wvum_prod_bc2r
Dashboard image downloaded for aklank.choudhary@glassbeam.com: /tmp/superset_downloads/daily-report-cathlab-2025-09-27T12-01-06.040Z.jpg
Email sent to aklank.choudhary@glassbeam.com
[Alert after login] Hello from custom.js!
No serials found for ashik.kalasavalli@glassbeam.com → using base dashboard
Opening dashboard for ashik.kalasavalli@glassbeam.com: https://gbsuperset.glassbeam.com/superset/dashboard/16/?&schema=wvum_extracts&bc2r_schema=crothall_wvum_prod_bc2r
[Alert after opening dashboard] Hello from custom.js!
Dashboard image downloaded for ashik.kalasavalli@glassbeam.com: /tmp/superset_downloads/daily-report-cathlab-2025-09-27T12-01-33.490Z.jpg
Email sent to ashik.kalasavalli@glassbeam.com
[Alert after login] Hello from custom.js!
No serials found for kate.haker@glassbeam.com → using base dashboard
Opening dashboard for kate.haker@glassbeam.com: https://gbsuperset.glassbeam.com/superset/dashboard/16/?&schema=wvum_extracts&bc2r_schema=crothall_wvum_prod_bc2r
Dashboard image downloaded for kate.haker@glassbeam.com: /tmp/superset_downloads/daily-report-cathlab-2025-09-27T12-02-03.828Z.jpg
Email sent to kate.haker@glassbeam.com
No alert after login
No serials found for mahima.panigatti@glassbeam.com → using base dashboard
Opening dashboard for mahima.panigatti@glassbeam.com: https://gbsuperset.glassbeam.com/superset/dashboard/16/?&schema=wvum_extracts&bc2r_schema=crothall_wvum_prod_bc2r
Dashboard image downloaded for mahima.panigatti@glassbeam.com: /tmp/superset_downloads/daily-report-cathlab-2025-09-27T12-02-37.598Z.jpg
Email sent to mahima.panigatti@glassbeam.com
No alert after login
No serials found for shreya@glassbeam.com → using base dashboard
Opening dashboard for shreya@glassbeam.com: https://gbsuperset.glassbeam.com/superset/dashboard/16/?&schema=wvum_extracts&bc2r_schema=crothall_wvum_prod_bc2r
Dashboard image downloaded for shreya@glassbeam.com: /tmp/superset_downloads/daily-report-cathlab-2025-09-27T12-03-12.473Z.jpg
Email sent to shreya@glassbeam.com
No alert after login
No serials found for susi.manimaran@glassbeam.com → using base dashboard
Opening dashboard for susi.manimaran@glassbeam.com: https://gbsuperset.glassbeam.com/superset/dashboard/16/?&schema=wvum_extracts&bc2r_schema=crothall_wvum_prod_bc2r
Dashboard image downloaded for susi.manimaran@glassbeam.com: /tmp/superset_downloads/daily-report-cathlab-2025-09-27T12-03-45.709Z.jpg
Email sent to susi.manimaran@glassbeam.com
2025-09-28 09:45:02 [GEHC]
[Alert after login] Hello from custom.js!
No serials found for abdur.rahman@glassbeam.com → using base dashboard
Opening dashboard for abdur.rahman@glassbeam.com: https://gbsuperset.glassbeam.com/superset/dashboard/16/?&schema=gehc_extracts&bc2r_schema=gehc_gehc_prod_bc2r
Dashboard image downloaded for abdur.rahman@glassbeam.com: /tmp/superset_downloads/daily-report-cathlab-2025-09-28T09-45-32.682Z.jpg
Email sent to abdur.rahman@glassbeam.com
No alert after login
No serials found for aklank.choudhary@glassbeam.com → using base dashboard
Opening dashboard for aklank.choudhary@glassbeam.com: https://gbsuperset.glassbeam.com/superset/dashboard/16/?&schema=gehc_extracts&bc2r_schema=gehc_gehc_prod_bc2r
Dashboard image downloaded for aklank.choudhary@glassbeam.com: /tmp/superset_downloads/daily-report-cathlab-2025-09-28T09-46-05.355Z.jpg
Email sent to aklank.choudhary@glassbeam.com
No alert after login
No serials found for ashik.kalasavalli@glassbeam.com → using base dashboard
Opening dashboard for ashik.kalasavalli@glassbeam.com: https://gbsuperset.glassbeam.com/superset/dashboard/16/?&schema=gehc_extracts&bc2r_schema=gehc_gehc_prod_bc2r
Dashboard image downloaded for ashik.kalasavalli@glassbeam.com: /tmp/superset_downloads/daily-report-cathlab-2025-09-28T09-46-38.693Z.jpg
Email sent to ashik.kalasavalli@glassbeam.com
No alert after login
No serials found for kate.haker@glassbeam.com → using base dashboard
Opening dashboard for kate.haker@glassbeam.com: https://gbsuperset.glassbeam.com/superset/dashboard/16/?&schema=gehc_extracts&bc2r_schema=gehc_gehc_prod_bc2r
Dashboard image downloaded for kate.haker@glassbeam.com: /tmp/superset_downloads/daily-report-cathlab-2025-09-28T09-47-12.224Z.jpg
Email sent to kate.haker@glassbeam.com
[Alert after login] Hello from custom.js!
No serials found for mahima.panigatti@glassbeam.com → using base dashboard
Opening dashboard for mahima.panigatti@glassbeam.com: https://gbsuperset.glassbeam.com/superset/dashboard/16/?&schema=gehc_extracts&bc2r_schema=gehc_gehc_prod_bc2r
Dashboard image downloaded for mahima.panigatti@glassbeam.com: /tmp/superset_downloads/daily-report-cathlab-2025-09-28T09-47-42.195Z.jpg
Email sent to mahima.panigatti@glassbeam.com
No alert after login
No serials found for shreya@glassbeam.com → using base dashboard
Opening dashboard for shreya@glassbeam.com: https://gbsuperset.glassbeam.com/superset/dashboard/16/?&schema=gehc_extracts&bc2r_schema=gehc_gehc_prod_bc2r
Dashboard image downloaded for shreya@glassbeam.com: /tmp/superset_downloads/daily-report-cathlab-2025-09-28T09-48-14.247Z.jpg
Email sent to shreya@glassbeam.com
[Alert after login] Hello from custom.js!
No serials found for susi.manimaran@glassbeam.com → using base dashboard
Opening dashboard for susi.manimaran@glassbeam.com: https://gbsuperset.glassbeam.com/superset/dashboard/16/?&schema=gehc_extracts&bc2r_schema=gehc_gehc_prod_bc2r
Dashboard image downloaded for susi.manimaran@glassbeam.com: /tmp/superset_downloads/daily-report-cathlab-2025-09-28T09-48-44.191Z.jpg
Email sent to susi.manimaran@glassbeam.com
2025-09-28 11:15:01 [MUHS]
[Alert after login] Hello from custom.js!
No serials found for abdur.rahman@glassbeam.com → using base dashboard
Opening dashboard for abdur.rahman@glassbeam.com: https://gbsuperset.glassbeam.com/superset/dashboard/16/?&schema=muhs_extracts&bc2r_schema=muhs_muhs_prod_bc2r
Dashboard image downloaded for abdur.rahman@glassbeam.com: /tmp/superset_downloads/daily-report-cathlab-2025-09-28T11-15-31.691Z.jpg
Email sent to abdur.rahman@glassbeam.com
No alert after login
No serials found for aklank.choudhary@glassbeam.com → using base dashboard
Opening dashboard for aklank.choudhary@glassbeam.com: https://gbsuperset.glassbeam.com/superset/dashboard/16/?&schema=muhs_extracts&bc2r_schema=muhs_muhs_prod_bc2r
Dashboard image downloaded for aklank.choudhary@glassbeam.com: /tmp/superset_downloads/daily-report-cathlab-2025-09-28T11-16-03.342Z.jpg
Email sent to aklank.choudhary@glassbeam.com
[Alert after login] Hello from custom.js!
No serials found for dl-solutions@glassbeam.com → using base dashboard
Opening dashboard for dl-solutions@glassbeam.com: https://gbsuperset.glassbeam.com/superset/dashboard/16/?&schema=muhs_extracts&bc2r_schema=muhs_muhs_prod_bc2r
Dashboard image downloaded for dl-solutions@glassbeam.com: /tmp/superset_downloads/daily-report-cathlab-2025-09-28T11-16-34.891Z.jpg
Email sent to dl-solutions@glassbeam.com
No alert after login
No serials found for dldavenport@multicare.org → using base dashboard
Opening dashboard for dldavenport@multicare.org: https://gbsuperset.glassbeam.com/superset/dashboard/16/?&schema=muhs_extracts&bc2r_schema=muhs_muhs_prod_bc2r
Dashboard image downloaded for dldavenport@multicare.org: /tmp/superset_downloads/daily-report-cathlab-2025-09-28T11-17-06.336Z.jpg
Email sent to dldavenport@multicare.org
No alert after login
No serials found for kate.haker@glassbeam.com → using base dashboard
Opening dashboard for kate.haker@glassbeam.com: https://gbsuperset.glassbeam.com/superset/dashboard/16/?&schema=muhs_extracts&bc2r_schema=muhs_muhs_prod_bc2r
Dashboard image downloaded for kate.haker@glassbeam.com: /tmp/superset_downloads/daily-report-cathlab-2025-09-28T11-17-38.390Z.jpg
Email sent to kate.haker@glassbeam.com
No alert after login
No serials found for reports@glassbeam.com → using base dashboard
Opening dashboard for reports@glassbeam.com: https://gbsuperset.glassbeam.com/superset/dashboard/16/?&schema=muhs_extracts&bc2r_schema=muhs_muhs_prod_bc2r
Dashboard image downloaded for reports@glassbeam.com: /tmp/superset_downloads/daily-report-cathlab-2025-09-28T11-18-10.335Z.jpg
Email sent to reports@glassbeam.com
No alert after login
No serials found for richard.roppolo@multicare.org → using base dashboard
Opening dashboard for richard.roppolo@multicare.org: https://gbsuperset.glassbeam.com/superset/dashboard/16/?&schema=muhs_extracts&bc2r_schema=muhs_muhs_prod_bc2r
Dashboard image downloaded for richard.roppolo@multicare.org: /tmp/superset_downloads/daily-report-cathlab-2025-09-28T11-18-41.549Z.jpg
Email sent to richard.roppolo@multicare.org
No alert after login
No serials found for vivek.sundaram@glassbeam.com → using base dashboard
Opening dashboard for vivek.sundaram@glassbeam.com: https://gbsuperset.glassbeam.com/superset/dashboard/16/?&schema=muhs_extracts&bc2r_schema=muhs_muhs_prod_bc2r
Dashboard image downloaded for vivek.sundaram@glassbeam.com: /tmp/superset_downloads/daily-report-cathlab-2025-09-28T11-19-13.551Z.jpg
Email sent to vivek.sundaram@glassbeam.com
2025-09-28 12:00:01 [WVUM]
No alert after login
No serials found for abdur.rahman@glassbeam.com → using base dashboard
Opening dashboard for abdur.rahman@glassbeam.com: https://gbsuperset.glassbeam.com/superset/dashboard/16/?&schema=wvum_extracts&bc2r_schema=crothall_wvum_prod_bc2r
Dashboard image downloaded for abdur.rahman@glassbeam.com: /tmp/superset_downloads/daily-report-cathlab-2025-09-28T12-00-33.782Z.jpg
Email sent to abdur.rahman@glassbeam.com
[Alert after login] Hello from custom.js!
No serials found for aklank.choudhary@glassbeam.com → using base dashboard
Opening dashboard for aklank.choudhary@glassbeam.com: https://gbsuperset.glassbeam.com/superset/dashboard/16/?&schema=wvum_extracts&bc2r_schema=crothall_wvum_prod_bc2r
Dashboard image downloaded for aklank.choudhary@glassbeam.com: /tmp/superset_downloads/daily-report-cathlab-2025-09-28T12-01-03.325Z.jpg
Email sent to aklank.choudhary@glassbeam.com
[Alert after login] Hello from custom.js!
No serials found for ashik.kalasavalli@glassbeam.com → using base dashboard
Opening dashboard for ashik.kalasavalli@glassbeam.com: https://gbsuperset.glassbeam.com/superset/dashboard/16/?&schema=wvum_extracts&bc2r_schema=crothall_wvum_prod_bc2r
Dashboard image downloaded for ashik.kalasavalli@glassbeam.com: /tmp/superset_downloads/daily-report-cathlab-2025-09-28T12-01-33.576Z.jpg
Email sent to ashik.kalasavalli@glassbeam.com
No alert after login
No serials found for kate.haker@glassbeam.com → using base dashboard
Opening dashboard for kate.haker@glassbeam.com: https://gbsuperset.glassbeam.com/superset/dashboard/16/?&schema=wvum_extracts&bc2r_schema=crothall_wvum_prod_bc2r
Dashboard image downloaded for kate.haker@glassbeam.com: /tmp/superset_downloads/daily-report-cathlab-2025-09-28T12-02-05.218Z.jpg
Email sent to kate.haker@glassbeam.com
No alert after login
No serials found for mahima.panigatti@glassbeam.com → using base dashboard
Opening dashboard for mahima.panigatti@glassbeam.com: https://gbsuperset.glassbeam.com/superset/dashboard/16/?&schema=wvum_extracts&bc2r_schema=crothall_wvum_prod_bc2r
Dashboard image downloaded for mahima.panigatti@glassbeam.com: /tmp/superset_downloads/daily-report-cathlab-2025-09-28T12-02-37.995Z.jpg
Email sent to mahima.panigatti@glassbeam.com
No alert after login
No serials found for shreya@glassbeam.com → using base dashboard
Opening dashboard for shreya@glassbeam.com: https://gbsuperset.glassbeam.com/superset/dashboard/16/?&schema=wvum_extracts&bc2r_schema=crothall_wvum_prod_bc2r
Dashboard image downloaded for shreya@glassbeam.com: /tmp/superset_downloads/daily-report-cathlab-2025-09-28T12-03-09.889Z.jpg
Email sent to shreya@glassbeam.com
No alert after login
No serials found for susi.manimaran@glassbeam.com → using base dashboard
Opening dashboard for susi.manimaran@glassbeam.com: https://gbsuperset.glassbeam.com/superset/dashboard/16/?&schema=wvum_extracts&bc2r_schema=crothall_wvum_prod_bc2r
Dashboard image downloaded for susi.manimaran@glassbeam.com: /tmp/superset_downloads/daily-report-cathlab-2025-09-28T12-03-43.385Z.jpg
Email sent to susi.manimaran@glassbeam.com
2025-09-29 09:45:01 [GEHC]
No alert after login
No serials found for abdur.rahman@glassbeam.com → using base dashboard
Opening dashboard for abdur.rahman@glassbeam.com: https://gbsuperset.glassbeam.com/superset/dashboard/16/?&schema=gehc_extracts&bc2r_schema=gehc_gehc_prod_bc2r
Dashboard image downloaded for abdur.rahman@glassbeam.com: /tmp/superset_downloads/daily-report-cathlab-2025-09-29T09-45-33.996Z.jpg
Email sent to abdur.rahman@glassbeam.com
No alert after login
No serials found for aklank.choudhary@glassbeam.com → using base dashboard
Opening dashboard for aklank.choudhary@glassbeam.com: https://gbsuperset.glassbeam.com/superset/dashboard/16/?&schema=gehc_extracts&bc2r_schema=gehc_gehc_prod_bc2r
Dashboard image downloaded for aklank.choudhary@glassbeam.com: /tmp/superset_downloads/daily-report-cathlab-2025-09-29T09-46-05.509Z.jpg
Email sent to aklank.choudhary@glassbeam.com
[Alert after login] Hello from custom.js!
No serials found for ashik.kalasavalli@glassbeam.com → using base dashboard
Opening dashboard for ashik.kalasavalli@glassbeam.com: https://gbsuperset.glassbeam.com/superset/dashboard/16/?&schema=gehc_extracts&bc2r_schema=gehc_gehc_prod_bc2r
Dashboard image downloaded for ashik.kalasavalli@glassbeam.com: /tmp/superset_downloads/daily-report-cathlab-2025-09-29T09-46-35.530Z.jpg
Email sent to ashik.kalasavalli@glassbeam.com
No alert after login
No serials found for kate.haker@glassbeam.com → using base dashboard
Opening dashboard for kate.haker@glassbeam.com: https://gbsuperset.glassbeam.com/superset/dashboard/16/?&schema=gehc_extracts&bc2r_schema=gehc_gehc_prod_bc2r
Dashboard image downloaded for kate.haker@glassbeam.com: /tmp/superset_downloads/daily-report-cathlab-2025-09-29T09-47-07.505Z.jpg
Email sent to kate.haker@glassbeam.com
No alert after login
No serials found for mahima.panigatti@glassbeam.com → using base dashboard
Opening dashboard for mahima.panigatti@glassbeam.com: https://gbsuperset.glassbeam.com/superset/dashboard/16/?&schema=gehc_extracts&bc2r_schema=gehc_gehc_prod_bc2r
Dashboard image downloaded for mahima.panigatti@glassbeam.com: /tmp/superset_downloads/daily-report-cathlab-2025-09-29T09-47-38.994Z.jpg
Email sent to mahima.panigatti@glassbeam.com
No alert after login
No serials found for shreya@glassbeam.com → using base dashboard
Opening dashboard for shreya@glassbeam.com: https://gbsuperset.glassbeam.com/superset/dashboard/16/?&schema=gehc_extracts&bc2r_schema=gehc_gehc_prod_bc2r
Dashboard image downloaded for shreya@glassbeam.com: /tmp/superset_downloads/daily-report-cathlab-2025-09-29T09-48-11.380Z.jpg
Email sent to shreya@glassbeam.com
No alert after login
No serials found for susi.manimaran@glassbeam.com → using base dashboard
Opening dashboard for susi.manimaran@glassbeam.com: https://gbsuperset.glassbeam.com/superset/dashboard/16/?&schema=gehc_extracts&bc2r_schema=gehc_gehc_prod_bc2r
Dashboard image downloaded for susi.manimaran@glassbeam.com: /tmp/superset_downloads/daily-report-cathlab-2025-09-29T09-48-43.773Z.jpg
Email sent to susi.manimaran@glassbeam.com
2025-09-29 11:15:01 [MUHS]
[Alert after login] Hello from custom.js!
No serials found for abdur.rahman@glassbeam.com → using base dashboard
Opening dashboard for abdur.rahman@glassbeam.com: https://gbsuperset.glassbeam.com/superset/dashboard/16/?&schema=muhs_extracts&bc2r_schema=muhs_muhs_prod_bc2r
Dashboard image downloaded for abdur.rahman@glassbeam.com: /tmp/superset_downloads/daily-report-cathlab-2025-09-29T11-15-31.468Z.jpg
Email sent to abdur.rahman@glassbeam.com
[Alert after login] Hello from custom.js!
No serials found for aklank.choudhary@glassbeam.com → using base dashboard
Opening dashboard for aklank.choudhary@glassbeam.com: https://gbsuperset.glassbeam.com/superset/dashboard/16/?&schema=muhs_extracts&bc2r_schema=muhs_muhs_prod_bc2r
Dashboard image downloaded for aklank.choudhary@glassbeam.com: /tmp/superset_downloads/daily-report-cathlab-2025-09-29T11-16-03.429Z.jpg
Email sent to aklank.choudhary@glassbeam.com
[Alert after login] Hello from custom.js!
No serials found for dl-solutions@glassbeam.com → using base dashboard
Opening dashboard for dl-solutions@glassbeam.com: https://gbsuperset.glassbeam.com/superset/dashboard/16/?&schema=muhs_extracts&bc2r_schema=muhs_muhs_prod_bc2r
Dashboard image downloaded for dl-solutions@glassbeam.com: /tmp/superset_downloads/daily-report-cathlab-2025-09-29T11-16-33.463Z.jpg
Email sent to dl-solutions@glassbeam.com
No alert after login
No serials found for dldavenport@multicare.org → using base dashboard
Opening dashboard for dldavenport@multicare.org: https://gbsuperset.glassbeam.com/superset/dashboard/16/?&schema=muhs_extracts&bc2r_schema=muhs_muhs_prod_bc2r
Dashboard image downloaded for dldavenport@multicare.org: /tmp/superset_downloads/daily-report-cathlab-2025-09-29T11-17-04.437Z.jpg
Email sent to dldavenport@multicare.org
[Alert after login] Hello from custom.js!
No serials found for kate.haker@glassbeam.com → using base dashboard
Opening dashboard for kate.haker@glassbeam.com: https://gbsuperset.glassbeam.com/superset/dashboard/16/?&schema=muhs_extracts&bc2r_schema=muhs_muhs_prod_bc2r
Dashboard image downloaded for kate.haker@glassbeam.com: /tmp/superset_downloads/daily-report-cathlab-2025-09-29T11-17-33.899Z.jpg
Email sent to kate.haker@glassbeam.com
No alert after login
No serials found for reports@glassbeam.com → using base dashboard
Opening dashboard for reports@glassbeam.com: https://gbsuperset.glassbeam.com/superset/dashboard/16/?&schema=muhs_extracts&bc2r_schema=muhs_muhs_prod_bc2r
Dashboard image downloaded for reports@glassbeam.com: /tmp/superset_downloads/daily-report-cathlab-2025-09-29T11-18-04.954Z.jpg
Email sent to reports@glassbeam.com
No alert after login
No serials found for richard.roppolo@multicare.org → using base dashboard
Opening dashboard for richard.roppolo@multicare.org: https://gbsuperset.glassbeam.com/superset/dashboard/16/?&schema=muhs_extracts&bc2r_schema=muhs_muhs_prod_bc2r
Dashboard image downloaded for richard.roppolo@multicare.org: /tmp/superset_downloads/daily-report-cathlab-2025-09-29T11-18-36.663Z.jpg
Email sent to richard.roppolo@multicare.org
[Alert after login] Hello from custom.js!
No serials found for vivek.sundaram@glassbeam.com → using base dashboard
Opening dashboard for vivek.sundaram@glassbeam.com: https://gbsuperset.glassbeam.com/superset/dashboard/16/?&schema=muhs_extracts&bc2r_schema=muhs_muhs_prod_bc2r
Dashboard image downloaded for vivek.sundaram@glassbeam.com: /tmp/superset_downloads/daily-report-cathlab-2025-09-29T11-19-06.595Z.jpg
Email sent to vivek.sundaram@glassbeam.com
2025-09-29 12:00:01 [WVUM]
[Alert after login] Hello from custom.js!
No serials found for abdur.rahman@glassbeam.com → using base dashboard
Opening dashboard for abdur.rahman@glassbeam.com: https://gbsuperset.glassbeam.com/superset/dashboard/16/?&schema=wvum_extracts&bc2r_schema=crothall_wvum_prod_bc2r
Dashboard image downloaded for abdur.rahman@glassbeam.com: /tmp/superset_downloads/daily-report-cathlab-2025-09-29T12-00-30.689Z.jpg
Email sent to abdur.rahman@glassbeam.com
No alert after login
No serials found for aklank.choudhary@glassbeam.com → using base dashboard
Opening dashboard for aklank.choudhary@glassbeam.com: https://gbsuperset.glassbeam.com/superset/dashboard/16/?&schema=wvum_extracts&bc2r_schema=crothall_wvum_prod_bc2r
Dashboard image downloaded for aklank.choudhary@glassbeam.com: /tmp/superset_downloads/daily-report-cathlab-2025-09-29T12-01-03.074Z.jpg
Email sent to aklank.choudhary@glassbeam.com
[Alert after login] Hello from custom.js!
No serials found for ashik.kalasavalli@glassbeam.com → using base dashboard
Opening dashboard for ashik.kalasavalli@glassbeam.com: https://gbsuperset.glassbeam.com/superset/dashboard/16/?&schema=wvum_extracts&bc2r_schema=crothall_wvum_prod_bc2r
Dashboard image downloaded for ashik.kalasavalli@glassbeam.com: /tmp/superset_downloads/daily-report-cathlab-2025-09-29T12-01-33.620Z.jpg
Email sent to ashik.kalasavalli@glassbeam.com
No alert after login
No serials found for kate.haker@glassbeam.com → using base dashboard
Opening dashboard for kate.haker@glassbeam.com: https://gbsuperset.glassbeam.com/superset/dashboard/16/?&schema=wvum_extracts&bc2r_schema=crothall_wvum_prod_bc2r
Dashboard image downloaded for kate.haker@glassbeam.com: /tmp/superset_downloads/daily-report-cathlab-2025-09-29T12-02-05.952Z.jpg
Email sent to kate.haker@glassbeam.com
[Alert after login] Hello from custom.js!
No serials found for mahima.panigatti@glassbeam.com → using base dashboard
Opening dashboard for mahima.panigatti@glassbeam.com: https://gbsuperset.glassbeam.com/superset/dashboard/16/?&schema=wvum_extracts&bc2r_schema=crothall_wvum_prod_bc2r
Dashboard image downloaded for mahima.panigatti@glassbeam.com: /tmp/superset_downloads/daily-report-cathlab-2025-09-29T12-02-35.701Z.jpg
Email sent to mahima.panigatti@glassbeam.com
No alert after login
No serials found for shreya@glassbeam.com → using base dashboard
Opening dashboard for shreya@glassbeam.com: https://gbsuperset.glassbeam.com/superset/dashboard/16/?&schema=wvum_extracts&bc2r_schema=crothall_wvum_prod_bc2r
Dashboard image downloaded for shreya@glassbeam.com: /tmp/superset_downloads/daily-report-cathlab-2025-09-29T12-03-08.359Z.jpg
Email sent to shreya@glassbeam.com
No alert after login
No serials found for susi.manimaran@glassbeam.com → using base dashboard
Opening dashboard for susi.manimaran@glassbeam.com: https://gbsuperset.glassbeam.com/superset/dashboard/16/?&schema=wvum_extracts&bc2r_schema=crothall_wvum_prod_bc2r
Dashboard image downloaded for susi.manimaran@glassbeam.com: /tmp/superset_downloads/daily-report-cathlab-2025-09-29T12-03-40.384Z.jpg
Email sent to susi.manimaran@glassbeam.com
2025-09-30 09:45:01 [GEHC]
No alert after login
No serials found for abdur.rahman@glassbeam.com → using base dashboard
Opening dashboard for abdur.rahman@glassbeam.com: https://gbsuperset.glassbeam.com/superset/dashboard/16/?&schema=gehc_extracts&bc2r_schema=gehc_gehc_prod_bc2r
Dashboard image downloaded for abdur.rahman@glassbeam.com: /tmp/superset_downloads/daily-report-cathlab-2025-09-30T09-45-33.040Z.jpg
Email sent to abdur.rahman@glassbeam.com
No alert after login
No serials found for aklank.choudhary@glassbeam.com → using base dashboard
Opening dashboard for aklank.choudhary@glassbeam.com: https://gbsuperset.glassbeam.com/superset/dashboard/16/?&schema=gehc_extracts&bc2r_schema=gehc_gehc_prod_bc2r
Dashboard image downloaded for aklank.choudhary@glassbeam.com: /tmp/superset_downloads/daily-report-cathlab-2025-09-30T09-46-05.294Z.jpg
Email sent to aklank.choudhary@glassbeam.com
[Alert after login] Hello from custom.js!
No serials found for ashik.kalasavalli@glassbeam.com → using base dashboard
Opening dashboard for ashik.kalasavalli@glassbeam.com: https://gbsuperset.glassbeam.com/superset/dashboard/16/?&schema=gehc_extracts&bc2r_schema=gehc_gehc_prod_bc2r
Dashboard image downloaded for ashik.kalasavalli@glassbeam.com: /tmp/superset_downloads/daily-report-cathlab-2025-09-30T09-46-35.740Z.jpg
Email sent to ashik.kalasavalli@glassbeam.com
No alert after login
No serials found for kate.haker@glassbeam.com → using base dashboard
Opening dashboard for kate.haker@glassbeam.com: https://gbsuperset.glassbeam.com/superset/dashboard/16/?&schema=gehc_extracts&bc2r_schema=gehc_gehc_prod_bc2r
Dashboard image downloaded for kate.haker@glassbeam.com: /tmp/superset_downloads/daily-report-cathlab-2025-09-30T09-47-07.386Z.jpg
Email sent to kate.haker@glassbeam.com
No alert after login
No serials found for mahima.panigatti@glassbeam.com → using base dashboard
Opening dashboard for mahima.panigatti@glassbeam.com: https://gbsuperset.glassbeam.com/superset/dashboard/16/?&schema=gehc_extracts&bc2r_schema=gehc_gehc_prod_bc2r
Dashboard image downloaded for mahima.panigatti@glassbeam.com: /tmp/superset_downloads/daily-report-cathlab-2025-09-30T09-47-38.578Z.jpg
Email sent to mahima.panigatti@glassbeam.com
No alert after login
No serials found for shreya@glassbeam.com → using base dashboard
Opening dashboard for shreya@glassbeam.com: https://gbsuperset.glassbeam.com/superset/dashboard/16/?&schema=gehc_extracts&bc2r_schema=gehc_gehc_prod_bc2r
Dashboard image downloaded for shreya@glassbeam.com: /tmp/superset_downloads/daily-report-cathlab-2025-09-30T09-48-11.252Z.jpg
Email sent to shreya@glassbeam.com
No alert after login
No serials found for susi.manimaran@glassbeam.com → using base dashboard
Opening dashboard for susi.manimaran@glassbeam.com: https://gbsuperset.glassbeam.com/superset/dashboard/16/?&schema=gehc_extracts&bc2r_schema=gehc_gehc_prod_bc2r
Dashboard image downloaded for susi.manimaran@glassbeam.com: /tmp/superset_downloads/daily-report-cathlab-2025-09-30T09-48-44.317Z.jpg
Email sent to susi.manimaran@glassbeam.com
2025-09-30 11:15:01 [MUHS]
[Alert after login] Hello from custom.js!
No serials found for abdur.rahman@glassbeam.com → using base dashboard
Opening dashboard for abdur.rahman@glassbeam.com: https://gbsuperset.glassbeam.com/superset/dashboard/16/?&schema=muhs_extracts&bc2r_schema=muhs_muhs_prod_bc2r
Dashboard image downloaded for abdur.rahman@glassbeam.com: /tmp/superset_downloads/daily-report-cathlab-2025-09-30T11-15-31.232Z.jpg
Email sent to abdur.rahman@glassbeam.com
No alert after login
No serials found for aklank.choudhary@glassbeam.com → using base dashboard
Opening dashboard for aklank.choudhary@glassbeam.com: https://gbsuperset.glassbeam.com/superset/dashboard/16/?&schema=muhs_extracts&bc2r_schema=muhs_muhs_prod_bc2r
Dashboard image downloaded for aklank.choudhary@glassbeam.com: /tmp/superset_downloads/daily-report-cathlab-2025-09-30T11-16-02.679Z.jpg
Email sent to aklank.choudhary@glassbeam.com
[Alert after login] Hello from custom.js!
No serials found for dl-solutions@glassbeam.com → using base dashboard
Opening dashboard for dl-solutions@glassbeam.com: https://gbsuperset.glassbeam.com/superset/dashboard/16/?&schema=muhs_extracts&bc2r_schema=muhs_muhs_prod_bc2r
Dashboard image downloaded for dl-solutions@glassbeam.com: /tmp/superset_downloads/daily-report-cathlab-2025-09-30T11-16-31.945Z.jpg
Email sent to dl-solutions@glassbeam.com
No alert after login
No serials found for dldavenport@multicare.org → using base dashboard
Opening dashboard for dldavenport@multicare.org: https://gbsuperset.glassbeam.com/superset/dashboard/16/?&schema=muhs_extracts&bc2r_schema=muhs_muhs_prod_bc2r
Dashboard image downloaded for dldavenport@multicare.org: /tmp/superset_downloads/daily-report-cathlab-2025-09-30T11-17-04.108Z.jpg
Email sent to dldavenport@multicare.org
[Alert after login] Hello from custom.js!
No serials found for kate.haker@glassbeam.com → using base dashboard
Opening dashboard for kate.haker@glassbeam.com: https://gbsuperset.glassbeam.com/superset/dashboard/16/?&schema=muhs_extracts&bc2r_schema=muhs_muhs_prod_bc2r
Dashboard image downloaded for kate.haker@glassbeam.com: /tmp/superset_downloads/daily-report-cathlab-2025-09-30T11-17-33.423Z.jpg
Email sent to kate.haker@glassbeam.com
[Alert after login] Hello from custom.js!
No serials found for reports@glassbeam.com → using base dashboard
Opening dashboard for reports@glassbeam.com: https://gbsuperset.glassbeam.com/superset/dashboard/16/?&schema=muhs_extracts&bc2r_schema=muhs_muhs_prod_bc2r
Dashboard image downloaded for reports@glassbeam.com: /tmp/superset_downloads/daily-report-cathlab-2025-09-30T11-18-03.059Z.jpg
Email sent to reports@glassbeam.com
No alert after login
No serials found for richard.roppolo@multicare.org → using base dashboard
Opening dashboard for richard.roppolo@multicare.org: https://gbsuperset.glassbeam.com/superset/dashboard/16/?&schema=muhs_extracts&bc2r_schema=muhs_muhs_prod_bc2r
Dashboard image downloaded for richard.roppolo@multicare.org: /tmp/superset_downloads/daily-report-cathlab-2025-09-30T11-18-35.654Z.jpg
Email sent to richard.roppolo@multicare.org
No alert after login
No serials found for vivek.sundaram@glassbeam.com → using base dashboard
Opening dashboard for vivek.sundaram@glassbeam.com: https://gbsuperset.glassbeam.com/superset/dashboard/16/?&schema=muhs_extracts&bc2r_schema=muhs_muhs_prod_bc2r
Dashboard image downloaded for vivek.sundaram@glassbeam.com: /tmp/superset_downloads/daily-report-cathlab-2025-09-30T11-19-08.546Z.jpg
Email sent to vivek.sundaram@glassbeam.com
2025-09-30 12:00:01 [WVUM]
[Alert after login] Hello from custom.js!
No serials found for abdur.rahman@glassbeam.com → using base dashboard
Opening dashboard for abdur.rahman@glassbeam.com: https://gbsuperset.glassbeam.com/superset/dashboard/16/?&schema=wvum_extracts&bc2r_schema=crothall_wvum_prod_bc2r
Dashboard image downloaded for abdur.rahman@glassbeam.com: /tmp/superset_downloads/daily-report-cathlab-2025-09-30T12-00-30.901Z.jpg
Email sent to abdur.rahman@glassbeam.com
No alert after login
No serials found for aklank.choudhary@glassbeam.com → using base dashboard
Opening dashboard for aklank.choudhary@glassbeam.com: https://gbsuperset.glassbeam.com/superset/dashboard/16/?&schema=wvum_extracts&bc2r_schema=crothall_wvum_prod_bc2r
Dashboard image downloaded for aklank.choudhary@glassbeam.com: /tmp/superset_downloads/daily-report-cathlab-2025-09-30T12-01-02.692Z.jpg
Email sent to aklank.choudhary@glassbeam.com
[Alert after login] Hello from custom.js!
No serials found for ashik.kalasavalli@glassbeam.com → using base dashboard
Opening dashboard for ashik.kalasavalli@glassbeam.com: https://gbsuperset.glassbeam.com/superset/dashboard/16/?&schema=wvum_extracts&bc2r_schema=crothall_wvum_prod_bc2r
Dashboard image downloaded for ashik.kalasavalli@glassbeam.com: /tmp/superset_downloads/daily-report-cathlab-2025-09-30T12-01-31.982Z.jpg
Email sent to ashik.kalasavalli@glassbeam.com
No alert after login
No serials found for kate.haker@glassbeam.com → using base dashboard
Opening dashboard for kate.haker@glassbeam.com: https://gbsuperset.glassbeam.com/superset/dashboard/16/?&schema=wvum_extracts&bc2r_schema=crothall_wvum_prod_bc2r
Dashboard image downloaded for kate.haker@glassbeam.com: /tmp/superset_downloads/daily-report-cathlab-2025-09-30T12-02-03.298Z.jpg
Email sent to kate.haker@glassbeam.com
No alert after login
No serials found for mahima.panigatti@glassbeam.com → using base dashboard
Opening dashboard for mahima.panigatti@glassbeam.com: https://gbsuperset.glassbeam.com/superset/dashboard/16/?&schema=wvum_extracts&bc2r_schema=crothall_wvum_prod_bc2r
Dashboard image downloaded for mahima.panigatti@glassbeam.com: /tmp/superset_downloads/daily-report-cathlab-2025-09-30T12-02-35.768Z.jpg
Email sent to mahima.panigatti@glassbeam.com
No alert after login
No serials found for shreya@glassbeam.com → using base dashboard
Opening dashboard for shreya@glassbeam.com: https://gbsuperset.glassbeam.com/superset/dashboard/16/?&schema=wvum_extracts&bc2r_schema=crothall_wvum_prod_bc2r
Dashboard image downloaded for shreya@glassbeam.com: /tmp/superset_downloads/daily-report-cathlab-2025-09-30T12-03-07.345Z.jpg
Email sent to shreya@glassbeam.com
No alert after login
No serials found for susi.manimaran@glassbeam.com → using base dashboard
Opening dashboard for susi.manimaran@glassbeam.com: https://gbsuperset.glassbeam.com/superset/dashboard/16/?&schema=wvum_extracts&bc2r_schema=crothall_wvum_prod_bc2r
Dashboard image downloaded for susi.manimaran@glassbeam.com: /tmp/superset_downloads/daily-report-cathlab-2025-09-30T12-03-38.879Z.jpg
Email sent to susi.manimaran@glassbeam.com
2025-10-01 09:45:01 [GEHC]
No alert after login
No serials found for abdur.rahman@glassbeam.com → using base dashboard
Opening dashboard for abdur.rahman@glassbeam.com: https://gbsuperset.glassbeam.com/superset/dashboard/16/?&schema=gehc_extracts&bc2r_schema=gehc_gehc_prod_bc2r
Dashboard image downloaded for abdur.rahman@glassbeam.com: /tmp/superset_downloads/daily-report-cathlab-2025-10-01T09-45-32.696Z.jpg
Email sent to abdur.rahman@glassbeam.com
No alert after login
No serials found for aklank.choudhary@glassbeam.com → using base dashboard
Opening dashboard for aklank.choudhary@glassbeam.com: https://gbsuperset.glassbeam.com/superset/dashboard/16/?&schema=gehc_extracts&bc2r_schema=gehc_gehc_prod_bc2r
Dashboard image downloaded for aklank.choudhary@glassbeam.com: /tmp/superset_downloads/daily-report-cathlab-2025-10-01T09-46-03.513Z.jpg
Email sent to aklank.choudhary@glassbeam.com
No alert after login
No serials found for ashik.kalasavalli@glassbeam.com → using base dashboard
Opening dashboard for ashik.kalasavalli@glassbeam.com: https://gbsuperset.glassbeam.com/superset/dashboard/16/?&schema=gehc_extracts&bc2r_schema=gehc_gehc_prod_bc2r
Dashboard image downloaded for ashik.kalasavalli@glassbeam.com: /tmp/superset_downloads/daily-report-cathlab-2025-10-01T09-46-35.062Z.jpg
Email sent to ashik.kalasavalli@glassbeam.com
No alert after login
No serials found for kate.haker@glassbeam.com → using base dashboard
Opening dashboard for kate.haker@glassbeam.com: https://gbsuperset.glassbeam.com/superset/dashboard/16/?&schema=gehc_extracts&bc2r_schema=gehc_gehc_prod_bc2r
Dashboard image downloaded for kate.haker@glassbeam.com: /tmp/superset_downloads/daily-report-cathlab-2025-10-01T09-47-07.030Z.jpg
Email sent to kate.haker@glassbeam.com
No alert after login
No serials found for mahima.panigatti@glassbeam.com → using base dashboard
Opening dashboard for mahima.panigatti@glassbeam.com: https://gbsuperset.glassbeam.com/superset/dashboard/16/?&schema=gehc_extracts&bc2r_schema=gehc_gehc_prod_bc2r
Dashboard image downloaded for mahima.panigatti@glassbeam.com: /tmp/superset_downloads/daily-report-cathlab-2025-10-01T09-47-39.109Z.jpg
Email sent to mahima.panigatti@glassbeam.com
No alert after login
No serials found for shreya@glassbeam.com → using base dashboard
Opening dashboard for shreya@glassbeam.com: https://gbsuperset.glassbeam.com/superset/dashboard/16/?&schema=gehc_extracts&bc2r_schema=gehc_gehc_prod_bc2r
Dashboard image downloaded for shreya@glassbeam.com: /tmp/superset_downloads/daily-report-cathlab-2025-10-01T09-48-11.083Z.jpg
Email sent to shreya@glassbeam.com
No alert after login
No serials found for susi.manimaran@glassbeam.com → using base dashboard
Opening dashboard for susi.manimaran@glassbeam.com: https://gbsuperset.glassbeam.com/superset/dashboard/16/?&schema=gehc_extracts&bc2r_schema=gehc_gehc_prod_bc2r
Dashboard image downloaded for susi.manimaran@glassbeam.com: /tmp/superset_downloads/daily-report-cathlab-2025-10-01T09-48-43.056Z.jpg
Email sent to susi.manimaran@glassbeam.com
2025-10-01 11:15:01 [MUHS]
No alert after login
No serials found for abdur.rahman@glassbeam.com → using base dashboard
Opening dashboard for abdur.rahman@glassbeam.com: https://gbsuperset.glassbeam.com/superset/dashboard/16/?&schema=muhs_extracts&bc2r_schema=muhs_muhs_prod_bc2r
Dashboard image downloaded for abdur.rahman@glassbeam.com: /tmp/superset_downloads/daily-report-cathlab-2025-10-01T11-15-34.063Z.jpg
Email sent to abdur.rahman@glassbeam.com
No alert after login
No serials found for aklank.choudhary@glassbeam.com → using base dashboard
Opening dashboard for aklank.choudhary@glassbeam.com: https://gbsuperset.glassbeam.com/superset/dashboard/16/?&schema=muhs_extracts&bc2r_schema=muhs_muhs_prod_bc2r
Dashboard image downloaded for aklank.choudhary@glassbeam.com: /tmp/superset_downloads/daily-report-cathlab-2025-10-01T11-16-06.910Z.jpg
Email sent to aklank.choudhary@glassbeam.com
[Alert after login] Hello from custom.js!
No serials found for dl-solutions@glassbeam.com → using base dashboard
Opening dashboard for dl-solutions@glassbeam.com: https://gbsuperset.glassbeam.com/superset/dashboard/16/?&schema=muhs_extracts&bc2r_schema=muhs_muhs_prod_bc2r
Dashboard image downloaded for dl-solutions@glassbeam.com: /tmp/superset_downloads/daily-report-cathlab-2025-10-01T11-16-37.901Z.jpg
Email sent to dl-solutions@glassbeam.com
No alert after login
No serials found for dldavenport@multicare.org → using base dashboard
Opening dashboard for dldavenport@multicare.org: https://gbsuperset.glassbeam.com/superset/dashboard/16/?&schema=muhs_extracts&bc2r_schema=muhs_muhs_prod_bc2r
Dashboard image downloaded for dldavenport@multicare.org: /tmp/superset_downloads/daily-report-cathlab-2025-10-01T11-17-09.967Z.jpg
Email sent to dldavenport@multicare.org
No alert after login
No serials found for kate.haker@glassbeam.com → using base dashboard
Opening dashboard for kate.haker@glassbeam.com: https://gbsuperset.glassbeam.com/superset/dashboard/16/?&schema=muhs_extracts&bc2r_schema=muhs_muhs_prod_bc2r
Dashboard image downloaded for kate.haker@glassbeam.com: /tmp/superset_downloads/daily-report-cathlab-2025-10-01T11-17-41.933Z.jpg
Email sent to kate.haker@glassbeam.com
No alert after login
No serials found for reports@glassbeam.com → using base dashboard
Opening dashboard for reports@glassbeam.com: https://gbsuperset.glassbeam.com/superset/dashboard/16/?&schema=muhs_extracts&bc2r_schema=muhs_muhs_prod_bc2r
Dashboard image downloaded for reports@glassbeam.com: /tmp/superset_downloads/daily-report-cathlab-2025-10-01T11-18-14.566Z.jpg
Email sent to reports@glassbeam.com
No alert after login
No serials found for richard.roppolo@multicare.org → using base dashboard
Opening dashboard for richard.roppolo@multicare.org: https://gbsuperset.glassbeam.com/superset/dashboard/16/?&schema=muhs_extracts&bc2r_schema=muhs_muhs_prod_bc2r
Dashboard image downloaded for richard.roppolo@multicare.org: /tmp/superset_downloads/daily-report-cathlab-2025-10-01T11-18-46.180Z.jpg
Email sent to richard.roppolo@multicare.org
No alert after login
No serials found for vivek.sundaram@glassbeam.com → using base dashboard
Opening dashboard for vivek.sundaram@glassbeam.com: https://gbsuperset.glassbeam.com/superset/dashboard/16/?&schema=muhs_extracts&bc2r_schema=muhs_muhs_prod_bc2r
Dashboard image downloaded for vivek.sundaram@glassbeam.com: /tmp/superset_downloads/daily-report-cathlab-2025-10-01T11-19-17.947Z.jpg
Email sent to vivek.sundaram@glassbeam.com
2025-10-01 12:00:01 [WVUM]
No alert after login
No serials found for abdur.rahman@glassbeam.com → using base dashboard
Opening dashboard for abdur.rahman@glassbeam.com: https://gbsuperset.glassbeam.com/superset/dashboard/16/?&schema=wvum_extracts&bc2r_schema=crothall_wvum_prod_bc2r
Dashboard image downloaded for abdur.rahman@glassbeam.com: /tmp/superset_downloads/daily-report-cathlab-2025-10-01T12-00-33.028Z.jpg
Email sent to abdur.rahman@glassbeam.com
No alert after login
No serials found for aklank.choudhary@glassbeam.com → using base dashboard
Opening dashboard for aklank.choudhary@glassbeam.com: https://gbsuperset.glassbeam.com/superset/dashboard/16/?&schema=wvum_extracts&bc2r_schema=crothall_wvum_prod_bc2r
Dashboard image downloaded for aklank.choudhary@glassbeam.com: /tmp/superset_downloads/daily-report-cathlab-2025-10-01T12-01-05.011Z.jpg
Email sent to aklank.choudhary@glassbeam.com
No alert after login
No serials found for ashik.kalasavalli@glassbeam.com → using base dashboard
Opening dashboard for ashik.kalasavalli@glassbeam.com: https://gbsuperset.glassbeam.com/superset/dashboard/16/?&schema=wvum_extracts&bc2r_schema=crothall_wvum_prod_bc2r
Dashboard image downloaded for ashik.kalasavalli@glassbeam.com: /tmp/superset_downloads/daily-report-cathlab-2025-10-01T12-01-37.123Z.jpg
Email sent to ashik.kalasavalli@glassbeam.com
No alert after login
No serials found for kate.haker@glassbeam.com → using base dashboard
Opening dashboard for kate.haker@glassbeam.com: https://gbsuperset.glassbeam.com/superset/dashboard/16/?&schema=wvum_extracts&bc2r_schema=crothall_wvum_prod_bc2r
Dashboard image downloaded for kate.haker@glassbeam.com: /tmp/superset_downloads/daily-report-cathlab-2025-10-01T12-02-08.671Z.jpg
Email sent to kate.haker@glassbeam.com
No alert after login
No serials found for mahima.panigatti@glassbeam.com → using base dashboard
Opening dashboard for mahima.panigatti@glassbeam.com: https://gbsuperset.glassbeam.com/superset/dashboard/16/?&schema=wvum_extracts&bc2r_schema=crothall_wvum_prod_bc2r
Dashboard image downloaded for mahima.panigatti@glassbeam.com: /tmp/superset_downloads/daily-report-cathlab-2025-10-01T12-02-41.268Z.jpg
Email sent to mahima.panigatti@glassbeam.com
[Alert after login] Hello from custom.js!
No serials found for shreya@glassbeam.com → using base dashboard
Opening dashboard for shreya@glassbeam.com: https://gbsuperset.glassbeam.com/superset/dashboard/16/?&schema=wvum_extracts&bc2r_schema=crothall_wvum_prod_bc2r
Dashboard image downloaded for shreya@glassbeam.com: /tmp/superset_downloads/daily-report-cathlab-2025-10-01T12-03-10.654Z.jpg
Email sent to shreya@glassbeam.com
[Alert after login] Hello from custom.js!
No serials found for susi.manimaran@glassbeam.com → using base dashboard
Opening dashboard for susi.manimaran@glassbeam.com: https://gbsuperset.glassbeam.com/superset/dashboard/16/?&schema=wvum_extracts&bc2r_schema=crothall_wvum_prod_bc2r
Dashboard image downloaded for susi.manimaran@glassbeam.com: /tmp/superset_downloads/daily-report-cathlab-2025-10-01T12-03-39.954Z.jpg
Email sent to susi.manimaran@glassbeam.com
2025-10-02 09:45:02 [GEHC]
No alert after login
No serials found for abdur.rahman@glassbeam.com → using base dashboard
Opening dashboard for abdur.rahman@glassbeam.com: https://gbsuperset.glassbeam.com/superset/dashboard/16/?&schema=gehc_extracts&bc2r_schema=gehc_gehc_prod_bc2r
Dashboard image downloaded for abdur.rahman@glassbeam.com: /tmp/superset_downloads/daily-report-cathlab-2025-10-02T09-45-34.383Z.jpg
Email sent to abdur.rahman@glassbeam.com
No alert after login
No serials found for aklank.choudhary@glassbeam.com → using base dashboard
Opening dashboard for aklank.choudhary@glassbeam.com: https://gbsuperset.glassbeam.com/superset/dashboard/16/?&schema=gehc_extracts&bc2r_schema=gehc_gehc_prod_bc2r
Dashboard image downloaded for aklank.choudhary@glassbeam.com: /tmp/superset_downloads/daily-report-cathlab-2025-10-02T09-46-06.541Z.jpg
Email sent to aklank.choudhary@glassbeam.com
No alert after login
No serials found for ashik.kalasavalli@glassbeam.com → using base dashboard
Opening dashboard for ashik.kalasavalli@glassbeam.com: https://gbsuperset.glassbeam.com/superset/dashboard/16/?&schema=gehc_extracts&bc2r_schema=gehc_gehc_prod_bc2r
Dashboard image downloaded for ashik.kalasavalli@glassbeam.com: /tmp/superset_downloads/daily-report-cathlab-2025-10-02T09-46-38.479Z.jpg
Email sent to ashik.kalasavalli@glassbeam.com
[Alert after login] Hello from custom.js!
No serials found for kate.haker@glassbeam.com → using base dashboard
Opening dashboard for kate.haker@glassbeam.com: https://gbsuperset.glassbeam.com/superset/dashboard/16/?&schema=gehc_extracts&bc2r_schema=gehc_gehc_prod_bc2r
Dashboard image downloaded for kate.haker@glassbeam.com: /tmp/superset_downloads/daily-report-cathlab-2025-10-02T09-47-08.614Z.jpg
Email sent to kate.haker@glassbeam.com
No alert after login
No serials found for mahima.panigatti@glassbeam.com → using base dashboard
Opening dashboard for mahima.panigatti@glassbeam.com: https://gbsuperset.glassbeam.com/superset/dashboard/16/?&schema=gehc_extracts&bc2r_schema=gehc_gehc_prod_bc2r
Dashboard image downloaded for mahima.panigatti@glassbeam.com: /tmp/superset_downloads/daily-report-cathlab-2025-10-02T09-47-41.010Z.jpg
Email sent to mahima.panigatti@glassbeam.com
No alert after login
No serials found for shreya@glassbeam.com → using base dashboard
Opening dashboard for shreya@glassbeam.com: https://gbsuperset.glassbeam.com/superset/dashboard/16/?&schema=gehc_extracts&bc2r_schema=gehc_gehc_prod_bc2r
Dashboard image downloaded for shreya@glassbeam.com: /tmp/superset_downloads/daily-report-cathlab-2025-10-02T09-48-12.328Z.jpg
Email sent to shreya@glassbeam.com
[Alert after login] Hello from custom.js!
No serials found for susi.manimaran@glassbeam.com → using base dashboard
Opening dashboard for susi.manimaran@glassbeam.com: https://gbsuperset.glassbeam.com/superset/dashboard/16/?&schema=gehc_extracts&bc2r_schema=gehc_gehc_prod_bc2r
Dashboard image downloaded for susi.manimaran@glassbeam.com: /tmp/superset_downloads/daily-report-cathlab-2025-10-02T09-48-42.528Z.jpg
Email sent to susi.manimaran@glassbeam.com
2025-10-02 11:15:01 [MUHS]
No alert after login
No serials found for abdur.rahman@glassbeam.com → using base dashboard
Opening dashboard for abdur.rahman@glassbeam.com: https://gbsuperset.glassbeam.com/superset/dashboard/16/?&schema=muhs_extracts&bc2r_schema=muhs_muhs_prod_bc2r
Dashboard image downloaded for abdur.rahman@glassbeam.com: /tmp/superset_downloads/daily-report-cathlab-2025-10-02T11-15-33.105Z.jpg
Email sent to abdur.rahman@glassbeam.com
No alert after login
No serials found for aklank.choudhary@glassbeam.com → using base dashboard
Opening dashboard for aklank.choudhary@glassbeam.com: https://gbsuperset.glassbeam.com/superset/dashboard/16/?&schema=muhs_extracts&bc2r_schema=muhs_muhs_prod_bc2r
Dashboard image downloaded for aklank.choudhary@glassbeam.com: /tmp/superset_downloads/daily-report-cathlab-2025-10-02T11-16-04.174Z.jpg
Email sent to aklank.choudhary@glassbeam.com
[Alert after login] Hello from custom.js!
No serials found for dl-solutions@glassbeam.com → using base dashboard
Opening dashboard for dl-solutions@glassbeam.com: https://gbsuperset.glassbeam.com/superset/dashboard/16/?&schema=muhs_extracts&bc2r_schema=muhs_muhs_prod_bc2r
Dashboard image downloaded for dl-solutions@glassbeam.com: /tmp/superset_downloads/daily-report-cathlab-2025-10-02T11-16-34.072Z.jpg
Email sent to dl-solutions@glassbeam.com
No alert after login
No serials found for dldavenport@multicare.org → using base dashboard
Opening dashboard for dldavenport@multicare.org: https://gbsuperset.glassbeam.com/superset/dashboard/16/?&schema=muhs_extracts&bc2r_schema=muhs_muhs_prod_bc2r
Dashboard image downloaded for dldavenport@multicare.org: /tmp/superset_downloads/daily-report-cathlab-2025-10-02T11-17-06.750Z.jpg
Email sent to dldavenport@multicare.org
[Alert after login] Hello from custom.js!
No serials found for kate.haker@glassbeam.com → using base dashboard
Opening dashboard for kate.haker@glassbeam.com: https://gbsuperset.glassbeam.com/superset/dashboard/16/?&schema=muhs_extracts&bc2r_schema=muhs_muhs_prod_bc2r
Dashboard image downloaded for kate.haker@glassbeam.com: /tmp/superset_downloads/daily-report-cathlab-2025-10-02T11-17-37.598Z.jpg
Email sent to kate.haker@glassbeam.com
No alert after login
No serials found for reports@glassbeam.com → using base dashboard
Opening dashboard for reports@glassbeam.com: https://gbsuperset.glassbeam.com/superset/dashboard/16/?&schema=muhs_extracts&bc2r_schema=muhs_muhs_prod_bc2r
Dashboard image downloaded for reports@glassbeam.com: /tmp/superset_downloads/daily-report-cathlab-2025-10-02T11-18-11.525Z.jpg
Email sent to reports@glassbeam.com
No alert after login
No serials found for richard.roppolo@multicare.org → using base dashboard
Opening dashboard for richard.roppolo@multicare.org: https://gbsuperset.glassbeam.com/superset/dashboard/16/?&schema=muhs_extracts&bc2r_schema=muhs_muhs_prod_bc2r
Dashboard image downloaded for richard.roppolo@multicare.org: /tmp/superset_downloads/daily-report-cathlab-2025-10-02T11-18-44.337Z.jpg
Email sent to richard.roppolo@multicare.org
No alert after login
No serials found for vivek.sundaram@glassbeam.com → using base dashboard
Opening dashboard for vivek.sundaram@glassbeam.com: https://gbsuperset.glassbeam.com/superset/dashboard/16/?&schema=muhs_extracts&bc2r_schema=muhs_muhs_prod_bc2r
Dashboard image downloaded for vivek.sundaram@glassbeam.com: /tmp/superset_downloads/daily-report-cathlab-2025-10-02T11-19-17.094Z.jpg
Email sent to vivek.sundaram@glassbeam.com
2025-10-02 12:00:01 [WVUM]
[Alert after login] Hello from custom.js!
No serials found for abdur.rahman@glassbeam.com → using base dashboard
Opening dashboard for abdur.rahman@glassbeam.com: https://gbsuperset.glassbeam.com/superset/dashboard/16/?&schema=wvum_extracts&bc2r_schema=crothall_wvum_prod_bc2r
Dashboard image downloaded for abdur.rahman@glassbeam.com: /tmp/superset_downloads/daily-report-cathlab-2025-10-02T12-00-31.272Z.jpg
Email sent to abdur.rahman@glassbeam.com
No alert after login
No serials found for aklank.choudhary@glassbeam.com → using base dashboard
Opening dashboard for aklank.choudhary@glassbeam.com: https://gbsuperset.glassbeam.com/superset/dashboard/16/?&schema=wvum_extracts&bc2r_schema=crothall_wvum_prod_bc2r
Dashboard image downloaded for aklank.choudhary@glassbeam.com: /tmp/superset_downloads/daily-report-cathlab-2025-10-02T12-01-04.026Z.jpg
Email sent to aklank.choudhary@glassbeam.com
No alert after login
No serials found for ashik.kalasavalli@glassbeam.com → using base dashboard
Opening dashboard for ashik.kalasavalli@glassbeam.com: https://gbsuperset.glassbeam.com/superset/dashboard/16/?&schema=wvum_extracts&bc2r_schema=crothall_wvum_prod_bc2r
Dashboard image downloaded for ashik.kalasavalli@glassbeam.com: /tmp/superset_downloads/daily-report-cathlab-2025-10-02T12-01-35.452Z.jpg
Email sent to ashik.kalasavalli@glassbeam.com
[Alert after login] Hello from custom.js!
No serials found for kate.haker@glassbeam.com → using base dashboard
Opening dashboard for kate.haker@glassbeam.com: https://gbsuperset.glassbeam.com/superset/dashboard/16/?&schema=wvum_extracts&bc2r_schema=crothall_wvum_prod_bc2r
Dashboard image downloaded for kate.haker@glassbeam.com: /tmp/superset_downloads/daily-report-cathlab-2025-10-02T12-02-04.484Z.jpg
Email sent to kate.haker@glassbeam.com
No alert after login
No serials found for mahima.panigatti@glassbeam.com → using base dashboard
Opening dashboard for mahima.panigatti@glassbeam.com: https://gbsuperset.glassbeam.com/superset/dashboard/16/?&schema=wvum_extracts&bc2r_schema=crothall_wvum_prod_bc2r
Dashboard image downloaded for mahima.panigatti@glassbeam.com: /tmp/superset_downloads/daily-report-cathlab-2025-10-02T12-02-36.335Z.jpg
Email sent to mahima.panigatti@glassbeam.com
No alert after login
No serials found for shreya@glassbeam.com → using base dashboard
Opening dashboard for shreya@glassbeam.com: https://gbsuperset.glassbeam.com/superset/dashboard/16/?&schema=wvum_extracts&bc2r_schema=crothall_wvum_prod_bc2r
Dashboard image downloaded for shreya@glassbeam.com: /tmp/superset_downloads/daily-report-cathlab-2025-10-02T12-03-08.773Z.jpg
Email sent to shreya@glassbeam.com
[Alert after login] Hello from custom.js!
No serials found for susi.manimaran@glassbeam.com → using base dashboard
Opening dashboard for susi.manimaran@glassbeam.com: https://gbsuperset.glassbeam.com/superset/dashboard/16/?&schema=wvum_extracts&bc2r_schema=crothall_wvum_prod_bc2r
Dashboard image downloaded for susi.manimaran@glassbeam.com: /tmp/superset_downloads/daily-report-cathlab-2025-10-02T12-03-37.815Z.jpg
Email sent to susi.manimaran@glassbeam.com
2025-10-03 09:45:01 [GEHC]
No alert after login
No serials found for abdur.rahman@glassbeam.com → using base dashboard
Opening dashboard for abdur.rahman@glassbeam.com: https://gbsuperset.glassbeam.com/superset/dashboard/16/?&schema=gehc_extracts&bc2r_schema=gehc_gehc_prod_bc2r
Dashboard image downloaded for abdur.rahman@glassbeam.com: /tmp/superset_downloads/daily-report-cathlab-2025-10-03T09-45-34.347Z.jpg
Email sent to abdur.rahman@glassbeam.com
[Alert after login] Hello from custom.js!
No serials found for aklank.choudhary@glassbeam.com → using base dashboard
Opening dashboard for aklank.choudhary@glassbeam.com: https://gbsuperset.glassbeam.com/superset/dashboard/16/?&schema=gehc_extracts&bc2r_schema=gehc_gehc_prod_bc2r
Dashboard image downloaded for aklank.choudhary@glassbeam.com: /tmp/superset_downloads/daily-report-cathlab-2025-10-03T09-46-03.583Z.jpg
Email sent to aklank.choudhary@glassbeam.com
No alert after login
No serials found for ashik.kalasavalli@glassbeam.com → using base dashboard
Opening dashboard for ashik.kalasavalli@glassbeam.com: https://gbsuperset.glassbeam.com/superset/dashboard/16/?&schema=gehc_extracts&bc2r_schema=gehc_gehc_prod_bc2r
Dashboard image downloaded for ashik.kalasavalli@glassbeam.com: /tmp/superset_downloads/daily-report-cathlab-2025-10-03T09-46-36.133Z.jpg
Email sent to ashik.kalasavalli@glassbeam.com
[Alert after login] Hello from custom.js!
No serials found for kate.haker@glassbeam.com → using base dashboard
Opening dashboard for kate.haker@glassbeam.com: https://gbsuperset.glassbeam.com/superset/dashboard/16/?&schema=gehc_extracts&bc2r_schema=gehc_gehc_prod_bc2r
Dashboard image downloaded for kate.haker@glassbeam.com: /tmp/superset_downloads/daily-report-cathlab-2025-10-03T09-47-06.453Z.jpg
Email sent to kate.haker@glassbeam.com
No alert after login
No serials found for mahima.panigatti@glassbeam.com → using base dashboard
Opening dashboard for mahima.panigatti@glassbeam.com: https://gbsuperset.glassbeam.com/superset/dashboard/16/?&schema=gehc_extracts&bc2r_schema=gehc_gehc_prod_bc2r
Dashboard image downloaded for mahima.panigatti@glassbeam.com: /tmp/superset_downloads/daily-report-cathlab-2025-10-03T09-47-39.506Z.jpg
Email sent to mahima.panigatti@glassbeam.com
No alert after login
No serials found for shreya@glassbeam.com → using base dashboard
Opening dashboard for shreya@glassbeam.com: https://gbsuperset.glassbeam.com/superset/dashboard/16/?&schema=gehc_extracts&bc2r_schema=gehc_gehc_prod_bc2r
Dashboard image downloaded for shreya@glassbeam.com: /tmp/superset_downloads/daily-report-cathlab-2025-10-03T09-48-13.072Z.jpg
Email sent to shreya@glassbeam.com
[Alert after login] Hello from custom.js!
No serials found for susi.manimaran@glassbeam.com → using base dashboard
Opening dashboard for susi.manimaran@glassbeam.com: https://gbsuperset.glassbeam.com/superset/dashboard/16/?&schema=gehc_extracts&bc2r_schema=gehc_gehc_prod_bc2r
Dashboard image downloaded for susi.manimaran@glassbeam.com: /tmp/superset_downloads/daily-report-cathlab-2025-10-03T09-48-43.213Z.jpg
Email sent to susi.manimaran@glassbeam.com
2025-10-03 11:15:01 [MUHS]
No alert after login
No serials found for abdur.rahman@glassbeam.com → using base dashboard
Opening dashboard for abdur.rahman@glassbeam.com: https://gbsuperset.glassbeam.com/superset/dashboard/16/?&schema=muhs_extracts&bc2r_schema=muhs_muhs_prod_bc2r
Dashboard image downloaded for abdur.rahman@glassbeam.com: /tmp/superset_downloads/daily-report-cathlab-2025-10-03T11-15-34.373Z.jpg
Email sent to abdur.rahman@glassbeam.com
No alert after login
No serials found for aklank.choudhary@glassbeam.com → using base dashboard
Opening dashboard for aklank.choudhary@glassbeam.com: https://gbsuperset.glassbeam.com/superset/dashboard/16/?&schema=muhs_extracts&bc2r_schema=muhs_muhs_prod_bc2r
Dashboard image downloaded for aklank.choudhary@glassbeam.com: /tmp/superset_downloads/daily-report-cathlab-2025-10-03T11-16-07.228Z.jpg
Email sent to aklank.choudhary@glassbeam.com
No alert after login
No serials found for dl-solutions@glassbeam.com → using base dashboard
Opening dashboard for dl-solutions@glassbeam.com: https://gbsuperset.glassbeam.com/superset/dashboard/16/?&schema=muhs_extracts&bc2r_schema=muhs_muhs_prod_bc2r
Dashboard image downloaded for dl-solutions@glassbeam.com: /tmp/superset_downloads/daily-report-cathlab-2025-10-03T11-16-39.988Z.jpg
Email sent to dl-solutions@glassbeam.com
No alert after login
No serials found for dldavenport@multicare.org → using base dashboard
Opening dashboard for dldavenport@multicare.org: https://gbsuperset.glassbeam.com/superset/dashboard/16/?&schema=muhs_extracts&bc2r_schema=muhs_muhs_prod_bc2r
Dashboard image downloaded for dldavenport@multicare.org: /tmp/superset_downloads/daily-report-cathlab-2025-10-03T11-17-14.187Z.jpg
Email sent to dldavenport@multicare.org
No alert after login
No serials found for kate.haker@glassbeam.com → using base dashboard
Opening dashboard for kate.haker@glassbeam.com: https://gbsuperset.glassbeam.com/superset/dashboard/16/?&schema=muhs_extracts&bc2r_schema=muhs_muhs_prod_bc2r
Dashboard image downloaded for kate.haker@glassbeam.com: /tmp/superset_downloads/daily-report-cathlab-2025-10-03T11-17-48.372Z.jpg
Email sent to kate.haker@glassbeam.com
No alert after login
No serials found for reports@glassbeam.com → using base dashboard
Opening dashboard for reports@glassbeam.com: https://gbsuperset.glassbeam.com/superset/dashboard/16/?&schema=muhs_extracts&bc2r_schema=muhs_muhs_prod_bc2r
Dashboard image downloaded for reports@glassbeam.com: /tmp/superset_downloads/daily-report-cathlab-2025-10-03T11-18-22.068Z.jpg
Email sent to reports@glassbeam.com
[Alert after login] Hello from custom.js!
No serials found for richard.roppolo@multicare.org → using base dashboard
Opening dashboard for richard.roppolo@multicare.org: https://gbsuperset.glassbeam.com/superset/dashboard/16/?&schema=muhs_extracts&bc2r_schema=muhs_muhs_prod_bc2r
Dashboard image downloaded for richard.roppolo@multicare.org: /tmp/superset_downloads/daily-report-cathlab-2025-10-03T11-18-54.591Z.jpg
Email sent to richard.roppolo@multicare.org
No alert after login
No serials found for vivek.sundaram@glassbeam.com → using base dashboard
Opening dashboard for vivek.sundaram@glassbeam.com: https://gbsuperset.glassbeam.com/superset/dashboard/16/?&schema=muhs_extracts&bc2r_schema=muhs_muhs_prod_bc2r
Dashboard image downloaded for vivek.sundaram@glassbeam.com: /tmp/superset_downloads/daily-report-cathlab-2025-10-03T11-19-28.771Z.jpg
Email sent to vivek.sundaram@glassbeam.com
2025-10-03 12:00:01 [WVUM]
[Alert after login] Hello from custom.js!
No serials found for abdur.rahman@glassbeam.com → using base dashboard
Opening dashboard for abdur.rahman@glassbeam.com: https://gbsuperset.glassbeam.com/superset/dashboard/16/?&schema=wvum_extracts&bc2r_schema=crothall_wvum_prod_bc2r
Dashboard image downloaded for abdur.rahman@glassbeam.com: /tmp/superset_downloads/daily-report-cathlab-2025-10-03T12-00-31.117Z.jpg
Email sent to abdur.rahman@glassbeam.com
[Alert after login] Hello from custom.js!
No serials found for aklank.choudhary@glassbeam.com → using base dashboard
Opening dashboard for aklank.choudhary@glassbeam.com: https://gbsuperset.glassbeam.com/superset/dashboard/16/?&schema=wvum_extracts&bc2r_schema=crothall_wvum_prod_bc2r
Dashboard image downloaded for aklank.choudhary@glassbeam.com: /tmp/superset_downloads/daily-report-cathlab-2025-10-03T12-01-00.631Z.jpg
Email sent to aklank.choudhary@glassbeam.com
[Alert after login] Hello from custom.js!
No serials found for ashik.kalasavalli@glassbeam.com → using base dashboard
Opening dashboard for ashik.kalasavalli@glassbeam.com: https://gbsuperset.glassbeam.com/superset/dashboard/16/?&schema=wvum_extracts&bc2r_schema=crothall_wvum_prod_bc2r
Dashboard image downloaded for ashik.kalasavalli@glassbeam.com: /tmp/superset_downloads/daily-report-cathlab-2025-10-03T12-01-30.146Z.jpg
Email sent to ashik.kalasavalli@glassbeam.com
[Alert after login] Hello from custom.js!
No serials found for kate.haker@glassbeam.com → using base dashboard
Opening dashboard for kate.haker@glassbeam.com: https://gbsuperset.glassbeam.com/superset/dashboard/16/?&schema=wvum_extracts&bc2r_schema=crothall_wvum_prod_bc2r
Dashboard image downloaded for kate.haker@glassbeam.com: /tmp/superset_downloads/daily-report-cathlab-2025-10-03T12-02-00.019Z.jpg
Email sent to kate.haker@glassbeam.com
[Alert after login] Hello from custom.js!
No serials found for mahima.panigatti@glassbeam.com → using base dashboard
Opening dashboard for mahima.panigatti@glassbeam.com: https://gbsuperset.glassbeam.com/superset/dashboard/16/?&schema=wvum_extracts&bc2r_schema=crothall_wvum_prod_bc2r
Dashboard image downloaded for mahima.panigatti@glassbeam.com: /tmp/superset_downloads/daily-report-cathlab-2025-10-03T12-02-30.377Z.jpg
Email sent to mahima.panigatti@glassbeam.com
No alert after login
No serials found for shreya@glassbeam.com → using base dashboard
Opening dashboard for shreya@glassbeam.com: https://gbsuperset.glassbeam.com/superset/dashboard/16/?&schema=wvum_extracts&bc2r_schema=crothall_wvum_prod_bc2r
Dashboard image downloaded for shreya@glassbeam.com: /tmp/superset_downloads/daily-report-cathlab-2025-10-03T12-03-02.743Z.jpg
Email sent to shreya@glassbeam.com
No alert after login
No serials found for susi.manimaran@glassbeam.com → using base dashboard
Opening dashboard for susi.manimaran@glassbeam.com: https://gbsuperset.glassbeam.com/superset/dashboard/16/?&schema=wvum_extracts&bc2r_schema=crothall_wvum_prod_bc2r
Dashboard image downloaded for susi.manimaran@glassbeam.com: /tmp/superset_downloads/daily-report-cathlab-2025-10-03T12-03-35.405Z.jpg
Email sent to susi.manimaran@glassbeam.com
2025-10-04 09:45:01 [GEHC]
[Alert after login] Hello from custom.js!
No serials found for abdur.rahman@glassbeam.com → using base dashboard
Opening dashboard for abdur.rahman@glassbeam.com: https://gbsuperset.glassbeam.com/superset/dashboard/16/?&schema=gehc_extracts&bc2r_schema=gehc_gehc_prod_bc2r
Dashboard image downloaded for abdur.rahman@glassbeam.com: /tmp/superset_downloads/daily-report-cathlab-2025-10-04T09-45-31.810Z.jpg
Email sent to abdur.rahman@glassbeam.com
No alert after login
No serials found for aklank.choudhary@glassbeam.com → using base dashboard
Opening dashboard for aklank.choudhary@glassbeam.com: https://gbsuperset.glassbeam.com/superset/dashboard/16/?&schema=gehc_extracts&bc2r_schema=gehc_gehc_prod_bc2r
Dashboard image downloaded for aklank.choudhary@glassbeam.com: /tmp/superset_downloads/daily-report-cathlab-2025-10-04T09-46-03.807Z.jpg
Email sent to aklank.choudhary@glassbeam.com
[Alert after login] Hello from custom.js!
No serials found for ashik.kalasavalli@glassbeam.com → using base dashboard
Opening dashboard for ashik.kalasavalli@glassbeam.com: https://gbsuperset.glassbeam.com/superset/dashboard/16/?&schema=gehc_extracts&bc2r_schema=gehc_gehc_prod_bc2r
Dashboard image downloaded for ashik.kalasavalli@glassbeam.com: /tmp/superset_downloads/daily-report-cathlab-2025-10-04T09-46-35.220Z.jpg
Email sent to ashik.kalasavalli@glassbeam.com
No alert after login
No serials found for kate.haker@glassbeam.com → using base dashboard
Opening dashboard for kate.haker@glassbeam.com: https://gbsuperset.glassbeam.com/superset/dashboard/16/?&schema=gehc_extracts&bc2r_schema=gehc_gehc_prod_bc2r
Dashboard image downloaded for kate.haker@glassbeam.com: /tmp/superset_downloads/daily-report-cathlab-2025-10-04T09-47-08.567Z.jpg
Email sent to kate.haker@glassbeam.com
No alert after login
No serials found for mahima.panigatti@glassbeam.com → using base dashboard
Opening dashboard for mahima.panigatti@glassbeam.com: https://gbsuperset.glassbeam.com/superset/dashboard/16/?&schema=gehc_extracts&bc2r_schema=gehc_gehc_prod_bc2r
Dashboard image downloaded for mahima.panigatti@glassbeam.com: /tmp/superset_downloads/daily-report-cathlab-2025-10-04T09-47-41.086Z.jpg
Email sent to mahima.panigatti@glassbeam.com
No alert after login
No serials found for shreya@glassbeam.com → using base dashboard
Opening dashboard for shreya@glassbeam.com: https://gbsuperset.glassbeam.com/superset/dashboard/16/?&schema=gehc_extracts&bc2r_schema=gehc_gehc_prod_bc2r
Dashboard image downloaded for shreya@glassbeam.com: /tmp/superset_downloads/daily-report-cathlab-2025-10-04T09-48-13.151Z.jpg
Email sent to shreya@glassbeam.com
No alert after login
No serials found for susi.manimaran@glassbeam.com → using base dashboard
Opening dashboard for susi.manimaran@glassbeam.com: https://gbsuperset.glassbeam.com/superset/dashboard/16/?&schema=gehc_extracts&bc2r_schema=gehc_gehc_prod_bc2r
Dashboard image downloaded for susi.manimaran@glassbeam.com: /tmp/superset_downloads/daily-report-cathlab-2025-10-04T09-48-45.175Z.jpg
Email sent to susi.manimaran@glassbeam.com
2025-10-04 11:15:02 [MUHS]
No alert after login
No serials found for abdur.rahman@glassbeam.com → using base dashboard
Opening dashboard for abdur.rahman@glassbeam.com: https://gbsuperset.glassbeam.com/superset/dashboard/16/?&schema=muhs_extracts&bc2r_schema=muhs_muhs_prod_bc2r
Dashboard image downloaded for abdur.rahman@glassbeam.com: /tmp/superset_downloads/daily-report-cathlab-2025-10-04T11-15-33.788Z.jpg
Email sent to abdur.rahman@glassbeam.com
[Alert after login] Hello from custom.js!
No serials found for aklank.choudhary@glassbeam.com → using base dashboard
Opening dashboard for aklank.choudhary@glassbeam.com: https://gbsuperset.glassbeam.com/superset/dashboard/16/?&schema=muhs_extracts&bc2r_schema=muhs_muhs_prod_bc2r
Dashboard image downloaded for aklank.choudhary@glassbeam.com: /tmp/superset_downloads/daily-report-cathlab-2025-10-04T11-16-03.051Z.jpg
Email sent to aklank.choudhary@glassbeam.com
No alert after login
No serials found for dl-solutions@glassbeam.com → using base dashboard
Opening dashboard for dl-solutions@glassbeam.com: https://gbsuperset.glassbeam.com/superset/dashboard/16/?&schema=muhs_extracts&bc2r_schema=muhs_muhs_prod_bc2r
Dashboard image downloaded for dl-solutions@glassbeam.com: /tmp/superset_downloads/daily-report-cathlab-2025-10-04T11-16-34.685Z.jpg
Email sent to dl-solutions@glassbeam.com
No alert after login
No serials found for dldavenport@multicare.org → using base dashboard
Opening dashboard for dldavenport@multicare.org: https://gbsuperset.glassbeam.com/superset/dashboard/16/?&schema=muhs_extracts&bc2r_schema=muhs_muhs_prod_bc2r
Dashboard image downloaded for dldavenport@multicare.org: /tmp/superset_downloads/daily-report-cathlab-2025-10-04T11-17-06.203Z.jpg
Email sent to dldavenport@multicare.org
No alert after login
No serials found for kate.haker@glassbeam.com → using base dashboard
Opening dashboard for kate.haker@glassbeam.com: https://gbsuperset.glassbeam.com/superset/dashboard/16/?&schema=muhs_extracts&bc2r_schema=muhs_muhs_prod_bc2r
Dashboard image downloaded for kate.haker@glassbeam.com: /tmp/superset_downloads/daily-report-cathlab-2025-10-04T11-17-38.264Z.jpg
Email sent to kate.haker@glassbeam.com
No alert after login
No serials found for reports@glassbeam.com → using base dashboard
Opening dashboard for reports@glassbeam.com: https://gbsuperset.glassbeam.com/superset/dashboard/16/?&schema=muhs_extracts&bc2r_schema=muhs_muhs_prod_bc2r
Dashboard image downloaded for reports@glassbeam.com: /tmp/superset_downloads/daily-report-cathlab-2025-10-04T11-18-10.233Z.jpg
Email sent to reports@glassbeam.com
[Alert after login] Hello from custom.js!
No serials found for richard.roppolo@multicare.org → using base dashboard
Opening dashboard for richard.roppolo@multicare.org: https://gbsuperset.glassbeam.com/superset/dashboard/16/?&schema=muhs_extracts&bc2r_schema=muhs_muhs_prod_bc2r
Dashboard image downloaded for richard.roppolo@multicare.org: /tmp/superset_downloads/daily-report-cathlab-2025-10-04T11-18-39.525Z.jpg
Email sent to richard.roppolo@multicare.org
No alert after login
No serials found for vivek.sundaram@glassbeam.com → using base dashboard
Opening dashboard for vivek.sundaram@glassbeam.com: https://gbsuperset.glassbeam.com/superset/dashboard/16/?&schema=muhs_extracts&bc2r_schema=muhs_muhs_prod_bc2r
Dashboard image downloaded for vivek.sundaram@glassbeam.com: /tmp/superset_downloads/daily-report-cathlab-2025-10-04T11-19-11.545Z.jpg
Email sent to vivek.sundaram@glassbeam.com
2025-10-04 12:00:01 [WVUM]
No alert after login
No serials found for abdur.rahman@glassbeam.com → using base dashboard
Opening dashboard for abdur.rahman@glassbeam.com: https://gbsuperset.glassbeam.com/superset/dashboard/16/?&schema=wvum_extracts&bc2r_schema=crothall_wvum_prod_bc2r
Dashboard image downloaded for abdur.rahman@glassbeam.com: /tmp/superset_downloads/daily-report-cathlab-2025-10-04T12-00-33.961Z.jpg
Email sent to abdur.rahman@glassbeam.com
No alert after login
No serials found for aklank.choudhary@glassbeam.com → using base dashboard
Opening dashboard for aklank.choudhary@glassbeam.com: https://gbsuperset.glassbeam.com/superset/dashboard/16/?&schema=wvum_extracts&bc2r_schema=crothall_wvum_prod_bc2r
Dashboard image downloaded for aklank.choudhary@glassbeam.com: /tmp/superset_downloads/daily-report-cathlab-2025-10-04T12-01-06.009Z.jpg
Email sent to aklank.choudhary@glassbeam.com
[Alert after login] Hello from custom.js!
No serials found for ashik.kalasavalli@glassbeam.com → using base dashboard
Opening dashboard for ashik.kalasavalli@glassbeam.com: https://gbsuperset.glassbeam.com/superset/dashboard/16/?&schema=wvum_extracts&bc2r_schema=crothall_wvum_prod_bc2r
Dashboard image downloaded for ashik.kalasavalli@glassbeam.com: /tmp/superset_downloads/daily-report-cathlab-2025-10-04T12-01-36.293Z.jpg
Email sent to ashik.kalasavalli@glassbeam.com
No alert after login
No serials found for kate.haker@glassbeam.com → using base dashboard
Opening dashboard for kate.haker@glassbeam.com: https://gbsuperset.glassbeam.com/superset/dashboard/16/?&schema=wvum_extracts&bc2r_schema=crothall_wvum_prod_bc2r
Dashboard image downloaded for kate.haker@glassbeam.com: /tmp/superset_downloads/daily-report-cathlab-2025-10-04T12-02-08.158Z.jpg
Email sent to kate.haker@glassbeam.com
No alert after login
No serials found for mahima.panigatti@glassbeam.com → using base dashboard
Opening dashboard for mahima.panigatti@glassbeam.com: https://gbsuperset.glassbeam.com/superset/dashboard/16/?&schema=wvum_extracts&bc2r_schema=crothall_wvum_prod_bc2r
Dashboard image downloaded for mahima.panigatti@glassbeam.com: /tmp/superset_downloads/daily-report-cathlab-2025-10-04T12-02-39.638Z.jpg
Email sent to mahima.panigatti@glassbeam.com
No alert after login
No serials found for shreya@glassbeam.com → using base dashboard
Opening dashboard for shreya@glassbeam.com: https://gbsuperset.glassbeam.com/superset/dashboard/16/?&schema=wvum_extracts&bc2r_schema=crothall_wvum_prod_bc2r
Dashboard image downloaded for shreya@glassbeam.com: /tmp/superset_downloads/daily-report-cathlab-2025-10-04T12-03-12.191Z.jpg
Email sent to shreya@glassbeam.com
No alert after login
No serials found for susi.manimaran@glassbeam.com → using base dashboard
Opening dashboard for susi.manimaran@glassbeam.com: https://gbsuperset.glassbeam.com/superset/dashboard/16/?&schema=wvum_extracts&bc2r_schema=crothall_wvum_prod_bc2r
Dashboard image downloaded for susi.manimaran@glassbeam.com: /tmp/superset_downloads/daily-report-cathlab-2025-10-04T12-03-43.941Z.jpg
Email sent to susi.manimaran@glassbeam.com
2025-10-05 09:45:02 [GEHC]
No alert after login
No serials found for abdur.rahman@glassbeam.com → using base dashboard
Opening dashboard for abdur.rahman@glassbeam.com: https://gbsuperset.glassbeam.com/superset/dashboard/16/?&schema=gehc_extracts&bc2r_schema=gehc_gehc_prod_bc2r
Dashboard image downloaded for abdur.rahman@glassbeam.com: /tmp/superset_downloads/daily-report-cathlab-2025-10-05T09-45-33.777Z.jpg
Email sent to abdur.rahman@glassbeam.com
[Alert after login] Hello from custom.js!
No serials found for aklank.choudhary@glassbeam.com → using base dashboard
Opening dashboard for aklank.choudhary@glassbeam.com: https://gbsuperset.glassbeam.com/superset/dashboard/16/?&schema=gehc_extracts&bc2r_schema=gehc_gehc_prod_bc2r
Dashboard image downloaded for aklank.choudhary@glassbeam.com: /tmp/superset_downloads/daily-report-cathlab-2025-10-05T09-46-03.114Z.jpg
Email sent to aklank.choudhary@glassbeam.com
[Alert after login] Hello from custom.js!
No serials found for ashik.kalasavalli@glassbeam.com → using base dashboard
Opening dashboard for ashik.kalasavalli@glassbeam.com: https://gbsuperset.glassbeam.com/superset/dashboard/16/?&schema=gehc_extracts&bc2r_schema=gehc_gehc_prod_bc2r
Dashboard image downloaded for ashik.kalasavalli@glassbeam.com: /tmp/superset_downloads/daily-report-cathlab-2025-10-05T09-46-32.457Z.jpg
Email sent to ashik.kalasavalli@glassbeam.com
[Alert after login] Hello from custom.js!
No serials found for kate.haker@glassbeam.com → using base dashboard
Opening dashboard for kate.haker@glassbeam.com: https://gbsuperset.glassbeam.com/superset/dashboard/16/?&schema=gehc_extracts&bc2r_schema=gehc_gehc_prod_bc2r
Dashboard image downloaded for kate.haker@glassbeam.com: /tmp/superset_downloads/daily-report-cathlab-2025-10-05T09-47-02.743Z.jpg
Email sent to kate.haker@glassbeam.com
[Alert after login] Hello from custom.js!
No serials found for mahima.panigatti@glassbeam.com → using base dashboard
Opening dashboard for mahima.panigatti@glassbeam.com: https://gbsuperset.glassbeam.com/superset/dashboard/16/?&schema=gehc_extracts&bc2r_schema=gehc_gehc_prod_bc2r
Dashboard image downloaded for mahima.panigatti@glassbeam.com: /tmp/superset_downloads/daily-report-cathlab-2025-10-05T09-47-32.417Z.jpg
Email sent to mahima.panigatti@glassbeam.com
No alert after login
No serials found for shreya@glassbeam.com → using base dashboard
Opening dashboard for shreya@glassbeam.com: https://gbsuperset.glassbeam.com/superset/dashboard/16/?&schema=gehc_extracts&bc2r_schema=gehc_gehc_prod_bc2r
Dashboard image downloaded for shreya@glassbeam.com: /tmp/superset_downloads/daily-report-cathlab-2025-10-05T09-48-05.177Z.jpg
Email sent to shreya@glassbeam.com
[Alert after login] Hello from custom.js!
No serials found for susi.manimaran@glassbeam.com → using base dashboard
Opening dashboard for susi.manimaran@glassbeam.com: https://gbsuperset.glassbeam.com/superset/dashboard/16/?&schema=gehc_extracts&bc2r_schema=gehc_gehc_prod_bc2r
Dashboard image downloaded for susi.manimaran@glassbeam.com: /tmp/superset_downloads/daily-report-cathlab-2025-10-05T09-48-36.254Z.jpg
Email sent to susi.manimaran@glassbeam.com
2025-10-05 11:15:01 [MUHS]
No alert after login
No serials found for abdur.rahman@glassbeam.com → using base dashboard
Opening dashboard for abdur.rahman@glassbeam.com: https://gbsuperset.glassbeam.com/superset/dashboard/16/?&schema=muhs_extracts&bc2r_schema=muhs_muhs_prod_bc2r
Dashboard image downloaded for abdur.rahman@glassbeam.com: /tmp/superset_downloads/daily-report-cathlab-2025-10-05T11-15-33.653Z.jpg
Email sent to abdur.rahman@glassbeam.com
No alert after login
No serials found for aklank.choudhary@glassbeam.com → using base dashboard
Opening dashboard for aklank.choudhary@glassbeam.com: https://gbsuperset.glassbeam.com/superset/dashboard/16/?&schema=muhs_extracts&bc2r_schema=muhs_muhs_prod_bc2r
Dashboard image downloaded for aklank.choudhary@glassbeam.com: /tmp/superset_downloads/daily-report-cathlab-2025-10-05T11-16-06.168Z.jpg
Email sent to aklank.choudhary@glassbeam.com
No alert after login
No serials found for dl-solutions@glassbeam.com → using base dashboard
Opening dashboard for dl-solutions@glassbeam.com: https://gbsuperset.glassbeam.com/superset/dashboard/16/?&schema=muhs_extracts&bc2r_schema=muhs_muhs_prod_bc2r
Dashboard image downloaded for dl-solutions@glassbeam.com: /tmp/superset_downloads/daily-report-cathlab-2025-10-05T11-16-42.139Z.jpg
Email sent to dl-solutions@glassbeam.com
No alert after login
No serials found for dldavenport@multicare.org → using base dashboard
Opening dashboard for dldavenport@multicare.org: https://gbsuperset.glassbeam.com/superset/dashboard/16/?&schema=muhs_extracts&bc2r_schema=muhs_muhs_prod_bc2r
Dashboard image downloaded for dldavenport@multicare.org: /tmp/superset_downloads/daily-report-cathlab-2025-10-05T11-17-14.958Z.jpg
Email sent to dldavenport@multicare.org
No alert after login
No serials found for kate.haker@glassbeam.com → using base dashboard
Opening dashboard for kate.haker@glassbeam.com: https://gbsuperset.glassbeam.com/superset/dashboard/16/?&schema=muhs_extracts&bc2r_schema=muhs_muhs_prod_bc2r
Dashboard image downloaded for kate.haker@glassbeam.com: /tmp/superset_downloads/daily-report-cathlab-2025-10-05T11-17-47.032Z.jpg
Email sent to kate.haker@glassbeam.com
[Alert after login] Hello from custom.js!
No serials found for reports@glassbeam.com → using base dashboard
Opening dashboard for reports@glassbeam.com: https://gbsuperset.glassbeam.com/superset/dashboard/16/?&schema=muhs_extracts&bc2r_schema=muhs_muhs_prod_bc2r
Dashboard image downloaded for reports@glassbeam.com: /tmp/superset_downloads/daily-report-cathlab-2025-10-05T11-18-16.607Z.jpg
Email sent to reports@glassbeam.com
No alert after login
No serials found for richard.roppolo@multicare.org → using base dashboard
Opening dashboard for richard.roppolo@multicare.org: https://gbsuperset.glassbeam.com/superset/dashboard/16/?&schema=muhs_extracts&bc2r_schema=muhs_muhs_prod_bc2r
Dashboard image downloaded for richard.roppolo@multicare.org: /tmp/superset_downloads/daily-report-cathlab-2025-10-05T11-18-48.509Z.jpg
Email sent to richard.roppolo@multicare.org
No alert after login
No serials found for vivek.sundaram@glassbeam.com → using base dashboard
Opening dashboard for vivek.sundaram@glassbeam.com: https://gbsuperset.glassbeam.com/superset/dashboard/16/?&schema=muhs_extracts&bc2r_schema=muhs_muhs_prod_bc2r
Dashboard image downloaded for vivek.sundaram@glassbeam.com: /tmp/superset_downloads/daily-report-cathlab-2025-10-05T11-19-19.589Z.jpg
Email sent to vivek.sundaram@glassbeam.com
2025-10-05 12:00:02 [WVUM]
No alert after login
No serials found for abdur.rahman@glassbeam.com → using base dashboard
Opening dashboard for abdur.rahman@glassbeam.com: https://gbsuperset.glassbeam.com/superset/dashboard/16/?&schema=wvum_extracts&bc2r_schema=crothall_wvum_prod_bc2r
Dashboard image downloaded for abdur.rahman@glassbeam.com: /tmp/superset_downloads/daily-report-cathlab-2025-10-05T12-00-33.321Z.jpg
Email sent to abdur.rahman@glassbeam.com
No alert after login
No serials found for aklank.choudhary@glassbeam.com → using base dashboard
Opening dashboard for aklank.choudhary@glassbeam.com: https://gbsuperset.glassbeam.com/superset/dashboard/16/?&schema=wvum_extracts&bc2r_schema=crothall_wvum_prod_bc2r
Dashboard image downloaded for aklank.choudhary@glassbeam.com: /tmp/superset_downloads/daily-report-cathlab-2025-10-05T12-01-04.737Z.jpg
Email sent to aklank.choudhary@glassbeam.com
No alert after login
No serials found for ashik.kalasavalli@glassbeam.com → using base dashboard
Opening dashboard for ashik.kalasavalli@glassbeam.com: https://gbsuperset.glassbeam.com/superset/dashboard/16/?&schema=wvum_extracts&bc2r_schema=crothall_wvum_prod_bc2r
Dashboard image downloaded for ashik.kalasavalli@glassbeam.com: /tmp/superset_downloads/daily-report-cathlab-2025-10-05T12-01-36.635Z.jpg
Email sent to ashik.kalasavalli@glassbeam.com
[Alert after login] Hello from custom.js!
No serials found for kate.haker@glassbeam.com → using base dashboard
Opening dashboard for kate.haker@glassbeam.com: https://gbsuperset.glassbeam.com/superset/dashboard/16/?&schema=wvum_extracts&bc2r_schema=crothall_wvum_prod_bc2r
Dashboard image downloaded for kate.haker@glassbeam.com: /tmp/superset_downloads/daily-report-cathlab-2025-10-05T12-02-06.624Z.jpg
Email sent to kate.haker@glassbeam.com
No alert after login
No serials found for mahima.panigatti@glassbeam.com → using base dashboard
Opening dashboard for mahima.panigatti@glassbeam.com: https://gbsuperset.glassbeam.com/superset/dashboard/16/?&schema=wvum_extracts&bc2r_schema=crothall_wvum_prod_bc2r
Dashboard image downloaded for mahima.panigatti@glassbeam.com: /tmp/superset_downloads/daily-report-cathlab-2025-10-05T12-02-38.901Z.jpg
Email sent to mahima.panigatti@glassbeam.com
[Alert after login] Hello from custom.js!
No serials found for shreya@glassbeam.com → using base dashboard
Opening dashboard for shreya@glassbeam.com: https://gbsuperset.glassbeam.com/superset/dashboard/16/?&schema=wvum_extracts&bc2r_schema=crothall_wvum_prod_bc2r
Dashboard image downloaded for shreya@glassbeam.com: /tmp/superset_downloads/daily-report-cathlab-2025-10-05T12-03-08.472Z.jpg
Email sent to shreya@glassbeam.com
No alert after login
No serials found for susi.manimaran@glassbeam.com → using base dashboard
Opening dashboard for susi.manimaran@glassbeam.com: https://gbsuperset.glassbeam.com/superset/dashboard/16/?&schema=wvum_extracts&bc2r_schema=crothall_wvum_prod_bc2r
Dashboard image downloaded for susi.manimaran@glassbeam.com: /tmp/superset_downloads/daily-report-cathlab-2025-10-05T12-03-41.381Z.jpg
Email sent to susi.manimaran@glassbeam.com
2025-10-06 09:45:01 [GEHC]
No alert after login
No serials found for abdur.rahman@glassbeam.com → using base dashboard
Opening dashboard for abdur.rahman@glassbeam.com: https://gbsuperset.glassbeam.com/superset/dashboard/16/?&schema=gehc_extracts&bc2r_schema=gehc_gehc_prod_bc2r
Dashboard image downloaded for abdur.rahman@glassbeam.com: /tmp/superset_downloads/daily-report-cathlab-2025-10-06T09-45-32.950Z.jpg
Email sent to abdur.rahman@glassbeam.com
[Alert after login] Hello from custom.js!
No serials found for aklank.choudhary@glassbeam.com → using base dashboard
Opening dashboard for aklank.choudhary@glassbeam.com: https://gbsuperset.glassbeam.com/superset/dashboard/16/?&schema=gehc_extracts&bc2r_schema=gehc_gehc_prod_bc2r
Dashboard image downloaded for aklank.choudhary@glassbeam.com: /tmp/superset_downloads/daily-report-cathlab-2025-10-06T09-46-02.766Z.jpg
Email sent to aklank.choudhary@glassbeam.com
No alert after login
No serials found for ashik.kalasavalli@glassbeam.com → using base dashboard
Opening dashboard for ashik.kalasavalli@glassbeam.com: https://gbsuperset.glassbeam.com/superset/dashboard/16/?&schema=gehc_extracts&bc2r_schema=gehc_gehc_prod_bc2r
Dashboard image downloaded for ashik.kalasavalli@glassbeam.com: /tmp/superset_downloads/daily-report-cathlab-2025-10-06T09-46-34.917Z.jpg
Email sent to ashik.kalasavalli@glassbeam.com
[Alert after login] Hello from custom.js!
No serials found for kate.haker@glassbeam.com → using base dashboard
Opening dashboard for kate.haker@glassbeam.com: https://gbsuperset.glassbeam.com/superset/dashboard/16/?&schema=gehc_extracts&bc2r_schema=gehc_gehc_prod_bc2r
Dashboard image downloaded for kate.haker@glassbeam.com: /tmp/superset_downloads/daily-report-cathlab-2025-10-06T09-47-04.180Z.jpg
Email sent to kate.haker@glassbeam.com
[Alert after login] Hello from custom.js!
No serials found for mahima.panigatti@glassbeam.com → using base dashboard
Opening dashboard for mahima.panigatti@glassbeam.com: https://gbsuperset.glassbeam.com/superset/dashboard/16/?&schema=gehc_extracts&bc2r_schema=gehc_gehc_prod_bc2r
Dashboard image downloaded for mahima.panigatti@glassbeam.com: /tmp/superset_downloads/daily-report-cathlab-2025-10-06T09-47-33.648Z.jpg
Email sent to mahima.panigatti@glassbeam.com
No alert after login
No serials found for shreya@glassbeam.com → using base dashboard
Opening dashboard for shreya@glassbeam.com: https://gbsuperset.glassbeam.com/superset/dashboard/16/?&schema=gehc_extracts&bc2r_schema=gehc_gehc_prod_bc2r
Dashboard image downloaded for shreya@glassbeam.com: /tmp/superset_downloads/daily-report-cathlab-2025-10-06T09-48-05.128Z.jpg
Email sent to shreya@glassbeam.com
No alert after login
No serials found for susi.manimaran@glassbeam.com → using base dashboard
Opening dashboard for susi.manimaran@glassbeam.com: https://gbsuperset.glassbeam.com/superset/dashboard/16/?&schema=gehc_extracts&bc2r_schema=gehc_gehc_prod_bc2r
Dashboard image downloaded for susi.manimaran@glassbeam.com: /tmp/superset_downloads/daily-report-cathlab-2025-10-06T09-48-37.746Z.jpg
Email sent to susi.manimaran@glassbeam.com
2025-10-06 11:15:01 [MUHS]
No alert after login
No serials found for abdur.rahman@glassbeam.com → using base dashboard
Opening dashboard for abdur.rahman@glassbeam.com: https://gbsuperset.glassbeam.com/superset/dashboard/16/?&schema=muhs_extracts&bc2r_schema=muhs_muhs_prod_bc2r
Dashboard image downloaded for abdur.rahman@glassbeam.com: /tmp/superset_downloads/daily-report-cathlab-2025-10-06T11-15-33.861Z.jpg
Email sent to abdur.rahman@glassbeam.com
[Alert after login] Hello from custom.js!
No serials found for aklank.choudhary@glassbeam.com → using base dashboard
Opening dashboard for aklank.choudhary@glassbeam.com: https://gbsuperset.glassbeam.com/superset/dashboard/16/?&schema=muhs_extracts&bc2r_schema=muhs_muhs_prod_bc2r
Dashboard image downloaded for aklank.choudhary@glassbeam.com: /tmp/superset_downloads/daily-report-cathlab-2025-10-06T11-16-04.707Z.jpg
Email sent to aklank.choudhary@glassbeam.com
No alert after login
No serials found for dl-solutions@glassbeam.com → using base dashboard
Opening dashboard for dl-solutions@glassbeam.com: https://gbsuperset.glassbeam.com/superset/dashboard/16/?&schema=muhs_extracts&bc2r_schema=muhs_muhs_prod_bc2r
Dashboard image downloaded for dl-solutions@glassbeam.com: /tmp/superset_downloads/daily-report-cathlab-2025-10-06T11-16-37.008Z.jpg
Email sent to dl-solutions@glassbeam.com
No alert after login
No serials found for dldavenport@multicare.org → using base dashboard
Opening dashboard for dldavenport@multicare.org: https://gbsuperset.glassbeam.com/superset/dashboard/16/?&schema=muhs_extracts&bc2r_schema=muhs_muhs_prod_bc2r
Dashboard image downloaded for dldavenport@multicare.org: /tmp/superset_downloads/daily-report-cathlab-2025-10-06T11-17-09.838Z.jpg
Email sent to dldavenport@multicare.org
No alert after login
No serials found for kate.haker@glassbeam.com → using base dashboard
Opening dashboard for kate.haker@glassbeam.com: https://gbsuperset.glassbeam.com/superset/dashboard/16/?&schema=muhs_extracts&bc2r_schema=muhs_muhs_prod_bc2r
Dashboard image downloaded for kate.haker@glassbeam.com: /tmp/superset_downloads/daily-report-cathlab-2025-10-06T11-17-41.687Z.jpg
Email sent to kate.haker@glassbeam.com
No alert after login
No serials found for reports@glassbeam.com → using base dashboard
Opening dashboard for reports@glassbeam.com: https://gbsuperset.glassbeam.com/superset/dashboard/16/?&schema=muhs_extracts&bc2r_schema=muhs_muhs_prod_bc2r
Dashboard image downloaded for reports@glassbeam.com: /tmp/superset_downloads/daily-report-cathlab-2025-10-06T11-18-13.670Z.jpg
Email sent to reports@glassbeam.com
No alert after login
No serials found for richard.roppolo@multicare.org → using base dashboard
Opening dashboard for richard.roppolo@multicare.org: https://gbsuperset.glassbeam.com/superset/dashboard/16/?&schema=muhs_extracts&bc2r_schema=muhs_muhs_prod_bc2r
Dashboard image downloaded for richard.roppolo@multicare.org: /tmp/superset_downloads/daily-report-cathlab-2025-10-06T11-18-45.652Z.jpg
Email sent to richard.roppolo@multicare.org
No alert after login
No serials found for vivek.sundaram@glassbeam.com → using base dashboard
Opening dashboard for vivek.sundaram@glassbeam.com: https://gbsuperset.glassbeam.com/superset/dashboard/16/?&schema=muhs_extracts&bc2r_schema=muhs_muhs_prod_bc2r
Dashboard image downloaded for vivek.sundaram@glassbeam.com: /tmp/superset_downloads/daily-report-cathlab-2025-10-06T11-19-17.199Z.jpg
Email sent to vivek.sundaram@glassbeam.com
2025-10-06 12:00:02 [WVUM]
[Alert after login] Hello from custom.js!
No serials found for abdur.rahman@glassbeam.com → using base dashboard
Opening dashboard for abdur.rahman@glassbeam.com: https://gbsuperset.glassbeam.com/superset/dashboard/16/?&schema=wvum_extracts&bc2r_schema=crothall_wvum_prod_bc2r
Dashboard image downloaded for abdur.rahman@glassbeam.com: /tmp/superset_downloads/daily-report-cathlab-2025-10-06T12-00-31.331Z.jpg
Email sent to abdur.rahman@glassbeam.com
No alert after login
No serials found for aklank.choudhary@glassbeam.com → using base dashboard
Opening dashboard for aklank.choudhary@glassbeam.com: https://gbsuperset.glassbeam.com/superset/dashboard/16/?&schema=wvum_extracts&bc2r_schema=crothall_wvum_prod_bc2r
Dashboard image downloaded for aklank.choudhary@glassbeam.com: /tmp/superset_downloads/daily-report-cathlab-2025-10-06T12-01-03.246Z.jpg
Email sent to aklank.choudhary@glassbeam.com
No alert after login
No serials found for ashik.kalasavalli@glassbeam.com → using base dashboard
Opening dashboard for ashik.kalasavalli@glassbeam.com: https://gbsuperset.glassbeam.com/superset/dashboard/16/?&schema=wvum_extracts&bc2r_schema=crothall_wvum_prod_bc2r
Dashboard image downloaded for ashik.kalasavalli@glassbeam.com: /tmp/superset_downloads/daily-report-cathlab-2025-10-06T12-01-34.578Z.jpg
Email sent to ashik.kalasavalli@glassbeam.com
No alert after login
No serials found for kate.haker@glassbeam.com → using base dashboard
Opening dashboard for kate.haker@glassbeam.com: https://gbsuperset.glassbeam.com/superset/dashboard/16/?&schema=wvum_extracts&bc2r_schema=crothall_wvum_prod_bc2r
Dashboard image downloaded for kate.haker@glassbeam.com: /tmp/superset_downloads/daily-report-cathlab-2025-10-06T12-02-06.444Z.jpg
Email sent to kate.haker@glassbeam.com
No alert after login
No serials found for mahima.panigatti@glassbeam.com → using base dashboard
Opening dashboard for mahima.panigatti@glassbeam.com: https://gbsuperset.glassbeam.com/superset/dashboard/16/?&schema=wvum_extracts&bc2r_schema=crothall_wvum_prod_bc2r
Dashboard image downloaded for mahima.panigatti@glassbeam.com: /tmp/superset_downloads/daily-report-cathlab-2025-10-06T12-02-37.892Z.jpg
Email sent to mahima.panigatti@glassbeam.com
No alert after login
No serials found for shreya@glassbeam.com → using base dashboard
Opening dashboard for shreya@glassbeam.com: https://gbsuperset.glassbeam.com/superset/dashboard/16/?&schema=wvum_extracts&bc2r_schema=crothall_wvum_prod_bc2r
Dashboard image downloaded for shreya@glassbeam.com: /tmp/superset_downloads/daily-report-cathlab-2025-10-06T12-03-09.877Z.jpg
Email sent to shreya@glassbeam.com
[Alert after login] Hello from custom.js!
No serials found for susi.manimaran@glassbeam.com → using base dashboard
Opening dashboard for susi.manimaran@glassbeam.com: https://gbsuperset.glassbeam.com/superset/dashboard/16/?&schema=wvum_extracts&bc2r_schema=crothall_wvum_prod_bc2r
Dashboard image downloaded for susi.manimaran@glassbeam.com: /tmp/superset_downloads/daily-report-cathlab-2025-10-06T12-03-39.524Z.jpg
Email sent to susi.manimaran@glassbeam.com
2025-10-07 11:15:01 [MUHS]
No alert after login
No serials found for abdur.rahman@glassbeam.com → using base dashboard
Opening dashboard for abdur.rahman@glassbeam.com: https://gbsuperset.glassbeam.com/superset/dashboard/16/?&schema=muhs_extracts&bc2r_schema=muhs_muhs_prod_bc2r
Dashboard image downloaded for abdur.rahman@glassbeam.com: /tmp/superset_downloads/daily-report-cathlab-2025-10-07T11-15-34.119Z.jpg
Email sent to abdur.rahman@glassbeam.com
No alert after login
No serials found for aklank.choudhary@glassbeam.com → using base dashboard
Opening dashboard for aklank.choudhary@glassbeam.com: https://gbsuperset.glassbeam.com/superset/dashboard/16/?&schema=muhs_extracts&bc2r_schema=muhs_muhs_prod_bc2r
Dashboard image downloaded for aklank.choudhary@glassbeam.com: /tmp/superset_downloads/daily-report-cathlab-2025-10-07T11-16-06.002Z.jpg
Email sent to aklank.choudhary@glassbeam.com
No alert after login
No serials found for dl-solutions@glassbeam.com → using base dashboard
Opening dashboard for dl-solutions@glassbeam.com: https://gbsuperset.glassbeam.com/superset/dashboard/16/?&schema=muhs_extracts&bc2r_schema=muhs_muhs_prod_bc2r
Dashboard image downloaded for dl-solutions@glassbeam.com: /tmp/superset_downloads/daily-report-cathlab-2025-10-07T11-16-38.243Z.jpg
Email sent to dl-solutions@glassbeam.com
No alert after login
No serials found for dldavenport@multicare.org → using base dashboard
Opening dashboard for dldavenport@multicare.org: https://gbsuperset.glassbeam.com/superset/dashboard/16/?&schema=muhs_extracts&bc2r_schema=muhs_muhs_prod_bc2r
Dashboard image downloaded for dldavenport@multicare.org: /tmp/superset_downloads/daily-report-cathlab-2025-10-07T11-17-10.959Z.jpg
Email sent to dldavenport@multicare.org
[Alert after login] Hello from custom.js!
No serials found for kate.haker@glassbeam.com → using base dashboard
Opening dashboard for kate.haker@glassbeam.com: https://gbsuperset.glassbeam.com/superset/dashboard/16/?&schema=muhs_extracts&bc2r_schema=muhs_muhs_prod_bc2r
Dashboard image downloaded for kate.haker@glassbeam.com: /tmp/superset_downloads/daily-report-cathlab-2025-10-07T11-17-40.764Z.jpg
Email sent to kate.haker@glassbeam.com
No alert after login
No serials found for reports@glassbeam.com → using base dashboard
Opening dashboard for reports@glassbeam.com: https://gbsuperset.glassbeam.com/superset/dashboard/16/?&schema=muhs_extracts&bc2r_schema=muhs_muhs_prod_bc2r
Dashboard image downloaded for reports@glassbeam.com: /tmp/superset_downloads/daily-report-cathlab-2025-10-07T11-18-12.747Z.jpg
Email sent to reports@glassbeam.com
[Alert after login] Hello from custom.js!
No serials found for richard.roppolo@multicare.org → using base dashboard
Opening dashboard for richard.roppolo@multicare.org: https://gbsuperset.glassbeam.com/superset/dashboard/16/?&schema=muhs_extracts&bc2r_schema=muhs_muhs_prod_bc2r
Dashboard image downloaded for richard.roppolo@multicare.org: /tmp/superset_downloads/daily-report-cathlab-2025-10-07T11-18-42.847Z.jpg
Email sent to richard.roppolo@multicare.org
[Alert after login] Hello from custom.js!
No serials found for vivek.sundaram@glassbeam.com → using base dashboard
Opening dashboard for vivek.sundaram@glassbeam.com: https://gbsuperset.glassbeam.com/superset/dashboard/16/?&schema=muhs_extracts&bc2r_schema=muhs_muhs_prod_bc2r
Dashboard image downloaded for vivek.sundaram@glassbeam.com: /tmp/superset_downloads/daily-report-cathlab-2025-10-07T11-19-11.946Z.jpg
Email sent to vivek.sundaram@glassbeam.com
2025-10-07 12:00:02 [WVUM]
No alert after login
No serials found for abdur.rahman@glassbeam.com → using base dashboard
Opening dashboard for abdur.rahman@glassbeam.com: https://gbsuperset.glassbeam.com/superset/dashboard/16/?&schema=wvum_extracts&bc2r_schema=crothall_wvum_prod_bc2r
Dashboard image downloaded for abdur.rahman@glassbeam.com: /tmp/superset_downloads/daily-report-cathlab-2025-10-07T12-00-35.220Z.jpg
Email sent to abdur.rahman@glassbeam.com
No alert after login
No serials found for aklank.choudhary@glassbeam.com → using base dashboard
Opening dashboard for aklank.choudhary@glassbeam.com: https://gbsuperset.glassbeam.com/superset/dashboard/16/?&schema=wvum_extracts&bc2r_schema=crothall_wvum_prod_bc2r
Dashboard image downloaded for aklank.choudhary@glassbeam.com: /tmp/superset_downloads/daily-report-cathlab-2025-10-07T12-01-07.778Z.jpg
Email sent to aklank.choudhary@glassbeam.com
No alert after login
No serials found for ashik.kalasavalli@glassbeam.com → using base dashboard
Opening dashboard for ashik.kalasavalli@glassbeam.com: https://gbsuperset.glassbeam.com/superset/dashboard/16/?&schema=wvum_extracts&bc2r_schema=crothall_wvum_prod_bc2r
Dashboard image downloaded for ashik.kalasavalli@glassbeam.com: /tmp/superset_downloads/daily-report-cathlab-2025-10-07T12-01-41.063Z.jpg
Email sent to ashik.kalasavalli@glassbeam.com
No alert after login
No serials found for kate.haker@glassbeam.com → using base dashboard
Opening dashboard for kate.haker@glassbeam.com: https://gbsuperset.glassbeam.com/superset/dashboard/16/?&schema=wvum_extracts&bc2r_schema=crothall_wvum_prod_bc2r
Dashboard image downloaded for kate.haker@glassbeam.com: /tmp/superset_downloads/daily-report-cathlab-2025-10-07T12-02-14.556Z.jpg
Email sent to kate.haker@glassbeam.com
No alert after login
No serials found for mahima.panigatti@glassbeam.com → using base dashboard
Opening dashboard for mahima.panigatti@glassbeam.com: https://gbsuperset.glassbeam.com/superset/dashboard/16/?&schema=wvum_extracts&bc2r_schema=crothall_wvum_prod_bc2r
Dashboard image downloaded for mahima.panigatti@glassbeam.com: /tmp/superset_downloads/daily-report-cathlab-2025-10-07T12-02-49.173Z.jpg
Email sent to mahima.panigatti@glassbeam.com
No alert after login
No serials found for shreya@glassbeam.com → using base dashboard
Opening dashboard for shreya@glassbeam.com: https://gbsuperset.glassbeam.com/superset/dashboard/16/?&schema=wvum_extracts&bc2r_schema=crothall_wvum_prod_bc2r
Dashboard image downloaded for shreya@glassbeam.com: /tmp/superset_downloads/daily-report-cathlab-2025-10-07T12-03-21.944Z.jpg
Email sent to shreya@glassbeam.com
No alert after login
No serials found for susi.manimaran@glassbeam.com → using base dashboard
Opening dashboard for susi.manimaran@glassbeam.com: https://gbsuperset.glassbeam.com/superset/dashboard/16/?&schema=wvum_extracts&bc2r_schema=crothall_wvum_prod_bc2r
Dashboard image downloaded for susi.manimaran@glassbeam.com: /tmp/superset_downloads/daily-report-cathlab-2025-10-07T12-03-55.453Z.jpg
Email sent to susi.manimaran@glassbeam.com
2025-10-08 11:15:01 [MUHS]
No alert after login
No serials found for abdur.rahman@glassbeam.com → using base dashboard
Opening dashboard for abdur.rahman@glassbeam.com: https://gbsuperset.glassbeam.com/superset/dashboard/16/?&schema=muhs_extracts&bc2r_schema=muhs_muhs_prod_bc2r
Dashboard image downloaded for abdur.rahman@glassbeam.com: /tmp/superset_downloads/daily-report-cathlab-2025-10-08T11-15-33.362Z.jpg
Email sent to abdur.rahman@glassbeam.com
[Alert after login] Hello from custom.js!
No serials found for aklank.choudhary@glassbeam.com → using base dashboard
Opening dashboard for aklank.choudhary@glassbeam.com: https://gbsuperset.glassbeam.com/superset/dashboard/16/?&schema=muhs_extracts&bc2r_schema=muhs_muhs_prod_bc2r
Dashboard image downloaded for aklank.choudhary@glassbeam.com: /tmp/superset_downloads/daily-report-cathlab-2025-10-08T11-16-03.077Z.jpg
Email sent to aklank.choudhary@glassbeam.com
No alert after login
No serials found for dl-solutions@glassbeam.com → using base dashboard
Opening dashboard for dl-solutions@glassbeam.com: https://gbsuperset.glassbeam.com/superset/dashboard/16/?&schema=muhs_extracts&bc2r_schema=muhs_muhs_prod_bc2r
Dashboard image downloaded for dl-solutions@glassbeam.com: /tmp/superset_downloads/daily-report-cathlab-2025-10-08T11-16-34.902Z.jpg
Email sent to dl-solutions@glassbeam.com
No alert after login
No serials found for dldavenport@multicare.org → using base dashboard
Opening dashboard for dldavenport@multicare.org: https://gbsuperset.glassbeam.com/superset/dashboard/16/?&schema=muhs_extracts&bc2r_schema=muhs_muhs_prod_bc2r
Dashboard image downloaded for dldavenport@multicare.org: /tmp/superset_downloads/daily-report-cathlab-2025-10-08T11-17-06.936Z.jpg
Email sent to dldavenport@multicare.org
No alert after login
No serials found for kate.haker@glassbeam.com → using base dashboard
Opening dashboard for kate.haker@glassbeam.com: https://gbsuperset.glassbeam.com/superset/dashboard/16/?&schema=muhs_extracts&bc2r_schema=muhs_muhs_prod_bc2r
Dashboard image downloaded for kate.haker@glassbeam.com: /tmp/superset_downloads/daily-report-cathlab-2025-10-08T11-17-40.663Z.jpg
Email sent to kate.haker@glassbeam.com
[Alert after login] Hello from custom.js!
No serials found for reports@glassbeam.com → using base dashboard
Opening dashboard for reports@glassbeam.com: https://gbsuperset.glassbeam.com/superset/dashboard/16/?&schema=muhs_extracts&bc2r_schema=muhs_muhs_prod_bc2r
Dashboard image downloaded for reports@glassbeam.com: /tmp/superset_downloads/daily-report-cathlab-2025-10-08T11-18-10.670Z.jpg
Email sent to reports@glassbeam.com
[Alert after login] Hello from custom.js!
No serials found for richard.roppolo@multicare.org → using base dashboard
Opening dashboard for richard.roppolo@multicare.org: https://gbsuperset.glassbeam.com/superset/dashboard/16/?&schema=muhs_extracts&bc2r_schema=muhs_muhs_prod_bc2r
Dashboard image downloaded for richard.roppolo@multicare.org: /tmp/superset_downloads/daily-report-cathlab-2025-10-08T11-18-41.668Z.jpg
Email sent to richard.roppolo@multicare.org
[Alert after login] Hello from custom.js!
No serials found for vivek.sundaram@glassbeam.com → using base dashboard
Opening dashboard for vivek.sundaram@glassbeam.com: https://gbsuperset.glassbeam.com/superset/dashboard/16/?&schema=muhs_extracts&bc2r_schema=muhs_muhs_prod_bc2r
Dashboard image downloaded for vivek.sundaram@glassbeam.com: /tmp/superset_downloads/daily-report-cathlab-2025-10-08T11-19-12.692Z.jpg
Email sent to vivek.sundaram@glassbeam.com
2025-10-08 12:00:01 [WVUM]
No alert after login
No serials found for abdur.rahman@glassbeam.com → using base dashboard
Opening dashboard for abdur.rahman@glassbeam.com: https://gbsuperset.glassbeam.com/superset/dashboard/16/?&schema=wvum_extracts&bc2r_schema=crothall_wvum_prod_bc2r
Dashboard image downloaded for abdur.rahman@glassbeam.com: /tmp/superset_downloads/daily-report-cathlab-2025-10-08T12-00-33.383Z.jpg
Email sent to abdur.rahman@glassbeam.com
No alert after login
No serials found for aklank.choudhary@glassbeam.com → using base dashboard
Opening dashboard for aklank.choudhary@glassbeam.com: https://gbsuperset.glassbeam.com/superset/dashboard/16/?&schema=wvum_extracts&bc2r_schema=crothall_wvum_prod_bc2r
Dashboard image downloaded for aklank.choudhary@glassbeam.com: /tmp/superset_downloads/daily-report-cathlab-2025-10-08T12-01-04.903Z.jpg
Email sent to aklank.choudhary@glassbeam.com
No alert after login
No serials found for ashik.kalasavalli@glassbeam.com → using base dashboard
Opening dashboard for ashik.kalasavalli@glassbeam.com: https://gbsuperset.glassbeam.com/superset/dashboard/16/?&schema=wvum_extracts&bc2r_schema=crothall_wvum_prod_bc2r
Dashboard image downloaded for ashik.kalasavalli@glassbeam.com: /tmp/superset_downloads/daily-report-cathlab-2025-10-08T12-01-37.149Z.jpg
Email sent to ashik.kalasavalli@glassbeam.com
No alert after login
No serials found for kate.haker@glassbeam.com → using base dashboard
Opening dashboard for kate.haker@glassbeam.com: https://gbsuperset.glassbeam.com/superset/dashboard/16/?&schema=wvum_extracts&bc2r_schema=crothall_wvum_prod_bc2r
Dashboard image downloaded for kate.haker@glassbeam.com: /tmp/superset_downloads/daily-report-cathlab-2025-10-08T12-02-09.372Z.jpg
Email sent to kate.haker@glassbeam.com
No alert after login
No serials found for mahima.panigatti@glassbeam.com → using base dashboard
Opening dashboard for mahima.panigatti@glassbeam.com: https://gbsuperset.glassbeam.com/superset/dashboard/16/?&schema=wvum_extracts&bc2r_schema=crothall_wvum_prod_bc2r
Dashboard image downloaded for mahima.panigatti@glassbeam.com: /tmp/superset_downloads/daily-report-cathlab-2025-10-08T12-02-41.267Z.jpg
Email sent to mahima.panigatti@glassbeam.com
No alert after login
No serials found for shreya@glassbeam.com → using base dashboard
Opening dashboard for shreya@glassbeam.com: https://gbsuperset.glassbeam.com/superset/dashboard/16/?&schema=wvum_extracts&bc2r_schema=crothall_wvum_prod_bc2r
Dashboard image downloaded for shreya@glassbeam.com: /tmp/superset_downloads/daily-report-cathlab-2025-10-08T12-03-12.895Z.jpg
Email sent to shreya@glassbeam.com
No alert after login
No serials found for susi.manimaran@glassbeam.com → using base dashboard
Opening dashboard for susi.manimaran@glassbeam.com: https://gbsuperset.glassbeam.com/superset/dashboard/16/?&schema=wvum_extracts&bc2r_schema=crothall_wvum_prod_bc2r
Dashboard image downloaded for susi.manimaran@glassbeam.com: /tmp/superset_downloads/daily-report-cathlab-2025-10-08T12-03-44.397Z.jpg
Email sent to susi.manimaran@glassbeam.com
2025-10-09 11:15:01 [MUHS]
No alert after login
No serials found for abdur.rahman@glassbeam.com → using base dashboard
Opening dashboard for abdur.rahman@glassbeam.com: https://gbsuperset.glassbeam.com/superset/dashboard/16/?&schema=muhs_extracts&bc2r_schema=muhs_muhs_prod_bc2r
Dashboard image downloaded for abdur.rahman@glassbeam.com: /tmp/superset_downloads/daily-report-cathlab-2025-10-09T11-15-33.654Z.jpg
Email sent to abdur.rahman@glassbeam.com
No alert after login
No serials found for aklank.choudhary@glassbeam.com → using base dashboard
Opening dashboard for aklank.choudhary@glassbeam.com: https://gbsuperset.glassbeam.com/superset/dashboard/16/?&schema=muhs_extracts&bc2r_schema=muhs_muhs_prod_bc2r
Dashboard image downloaded for aklank.choudhary@glassbeam.com: /tmp/superset_downloads/daily-report-cathlab-2025-10-09T11-16-05.772Z.jpg
Email sent to aklank.choudhary@glassbeam.com
[Alert after login] Hello from custom.js!
No serials found for dl-solutions@glassbeam.com → using base dashboard
Opening dashboard for dl-solutions@glassbeam.com: https://gbsuperset.glassbeam.com/superset/dashboard/16/?&schema=muhs_extracts&bc2r_schema=muhs_muhs_prod_bc2r
Dashboard image downloaded for dl-solutions@glassbeam.com: /tmp/superset_downloads/daily-report-cathlab-2025-10-09T11-16-35.111Z.jpg
Email sent to dl-solutions@glassbeam.com
[Alert after login] Hello from custom.js!
No serials found for dldavenport@multicare.org → using base dashboard
Opening dashboard for dldavenport@multicare.org: https://gbsuperset.glassbeam.com/superset/dashboard/16/?&schema=muhs_extracts&bc2r_schema=muhs_muhs_prod_bc2r
Dashboard image downloaded for dldavenport@multicare.org: /tmp/superset_downloads/daily-report-cathlab-2025-10-09T11-17-04.752Z.jpg
Email sent to dldavenport@multicare.org
[Alert after login] Hello from custom.js!
No serials found for kate.haker@glassbeam.com → using base dashboard
Opening dashboard for kate.haker@glassbeam.com: https://gbsuperset.glassbeam.com/superset/dashboard/16/?&schema=muhs_extracts&bc2r_schema=muhs_muhs_prod_bc2r
Dashboard image downloaded for kate.haker@glassbeam.com: /tmp/superset_downloads/daily-report-cathlab-2025-10-09T11-17-33.767Z.jpg
Email sent to kate.haker@glassbeam.com
No alert after login
No serials found for reports@glassbeam.com → using base dashboard
Opening dashboard for reports@glassbeam.com: https://gbsuperset.glassbeam.com/superset/dashboard/16/?&schema=muhs_extracts&bc2r_schema=muhs_muhs_prod_bc2r
Dashboard image downloaded for reports@glassbeam.com: /tmp/superset_downloads/daily-report-cathlab-2025-10-09T11-18-06.165Z.jpg
Email sent to reports@glassbeam.com
[Alert after login] Hello from custom.js!
No serials found for richard.roppolo@multicare.org → using base dashboard
Opening dashboard for richard.roppolo@multicare.org: https://gbsuperset.glassbeam.com/superset/dashboard/16/?&schema=muhs_extracts&bc2r_schema=muhs_muhs_prod_bc2r
Dashboard image downloaded for richard.roppolo@multicare.org: /tmp/superset_downloads/daily-report-cathlab-2025-10-09T11-18-35.482Z.jpg
Email sent to richard.roppolo@multicare.org
No alert after login
No serials found for vivek.sundaram@glassbeam.com → using base dashboard
Opening dashboard for vivek.sundaram@glassbeam.com: https://gbsuperset.glassbeam.com/superset/dashboard/16/?&schema=muhs_extracts&bc2r_schema=muhs_muhs_prod_bc2r
Dashboard image downloaded for vivek.sundaram@glassbeam.com: /tmp/superset_downloads/daily-report-cathlab-2025-10-09T11-19-06.941Z.jpg
Email sent to vivek.sundaram@glassbeam.com
2025-10-09 12:00:01 [WVUM]
[Alert after login] Hello from custom.js!
No serials found for abdur.rahman@glassbeam.com → using base dashboard
Opening dashboard for abdur.rahman@glassbeam.com: https://gbsuperset.glassbeam.com/superset/dashboard/16/?&schema=wvum_extracts&bc2r_schema=crothall_wvum_prod_bc2r
Dashboard image downloaded for abdur.rahman@glassbeam.com: /tmp/superset_downloads/daily-report-cathlab-2025-10-09T12-00-31.498Z.jpg
Email sent to abdur.rahman@glassbeam.com
No alert after login
No serials found for aklank.choudhary@glassbeam.com → using base dashboard
Opening dashboard for aklank.choudhary@glassbeam.com: https://gbsuperset.glassbeam.com/superset/dashboard/16/?&schema=wvum_extracts&bc2r_schema=crothall_wvum_prod_bc2r
Dashboard image downloaded for aklank.choudhary@glassbeam.com: /tmp/superset_downloads/daily-report-cathlab-2025-10-09T12-01-02.609Z.jpg
Email sent to aklank.choudhary@glassbeam.com
No alert after login
No serials found for ashik.kalasavalli@glassbeam.com → using base dashboard
Opening dashboard for ashik.kalasavalli@glassbeam.com: https://gbsuperset.glassbeam.com/superset/dashboard/16/?&schema=wvum_extracts&bc2r_schema=crothall_wvum_prod_bc2r
Dashboard image downloaded for ashik.kalasavalli@glassbeam.com: /tmp/superset_downloads/daily-report-cathlab-2025-10-09T12-01-34.725Z.jpg
Email sent to ashik.kalasavalli@glassbeam.com
No alert after login
No serials found for kate.haker@glassbeam.com → using base dashboard
Opening dashboard for kate.haker@glassbeam.com: https://gbsuperset.glassbeam.com/superset/dashboard/16/?&schema=wvum_extracts&bc2r_schema=crothall_wvum_prod_bc2r
Dashboard image downloaded for kate.haker@glassbeam.com: /tmp/superset_downloads/daily-report-cathlab-2025-10-09T12-02-06.162Z.jpg
Email sent to kate.haker@glassbeam.com
No alert after login
No serials found for mahima.panigatti@glassbeam.com → using base dashboard
Opening dashboard for mahima.panigatti@glassbeam.com: https://gbsuperset.glassbeam.com/superset/dashboard/16/?&schema=wvum_extracts&bc2r_schema=crothall_wvum_prod_bc2r
Dashboard image downloaded for mahima.panigatti@glassbeam.com: /tmp/superset_downloads/daily-report-cathlab-2025-10-09T12-02-38.304Z.jpg
Email sent to mahima.panigatti@glassbeam.com
[Alert after login] Hello from custom.js!
No serials found for shreya@glassbeam.com → using base dashboard
Opening dashboard for shreya@glassbeam.com: https://gbsuperset.glassbeam.com/superset/dashboard/16/?&schema=wvum_extracts&bc2r_schema=crothall_wvum_prod_bc2r
Dashboard image downloaded for shreya@glassbeam.com: /tmp/superset_downloads/daily-report-cathlab-2025-10-09T12-03-07.976Z.jpg
Email sent to shreya@glassbeam.com
No alert after login
No serials found for susi.manimaran@glassbeam.com → using base dashboard
Opening dashboard for susi.manimaran@glassbeam.com: https://gbsuperset.glassbeam.com/superset/dashboard/16/?&schema=wvum_extracts&bc2r_schema=crothall_wvum_prod_bc2r
Dashboard image downloaded for susi.manimaran@glassbeam.com: /tmp/superset_downloads/daily-report-cathlab-2025-10-09T12-03-40.150Z.jpg
Email sent to susi.manimaran@glassbeam.com
2025-10-10 11:15:01 [MUHS]
No alert after login
No serials found for abdur.rahman@glassbeam.com → using base dashboard
Opening dashboard for abdur.rahman@glassbeam.com: https://gbsuperset.glassbeam.com/superset/dashboard/16/?&schema=muhs_extracts&bc2r_schema=muhs_muhs_prod_bc2r
Dashboard image downloaded for abdur.rahman@glassbeam.com: /tmp/superset_downloads/daily-report-cathlab-2025-10-10T11-15-33.615Z.jpg
Email sent to abdur.rahman@glassbeam.com
[Alert after login] Hello from custom.js!
No serials found for aklank.choudhary@glassbeam.com → using base dashboard
Opening dashboard for aklank.choudhary@glassbeam.com: https://gbsuperset.glassbeam.com/superset/dashboard/16/?&schema=muhs_extracts&bc2r_schema=muhs_muhs_prod_bc2r
Dashboard image downloaded for aklank.choudhary@glassbeam.com: /tmp/superset_downloads/daily-report-cathlab-2025-10-10T11-16-03.536Z.jpg
Email sent to aklank.choudhary@glassbeam.com
No alert after login
No serials found for dl-solutions@glassbeam.com → using base dashboard
Opening dashboard for dl-solutions@glassbeam.com: https://gbsuperset.glassbeam.com/superset/dashboard/16/?&schema=muhs_extracts&bc2r_schema=muhs_muhs_prod_bc2r
Dashboard image downloaded for dl-solutions@glassbeam.com: /tmp/superset_downloads/daily-report-cathlab-2025-10-10T11-16-35.098Z.jpg
Email sent to dl-solutions@glassbeam.com
No alert after login
No serials found for dldavenport@multicare.org → using base dashboard
Opening dashboard for dldavenport@multicare.org: https://gbsuperset.glassbeam.com/superset/dashboard/16/?&schema=muhs_extracts&bc2r_schema=muhs_muhs_prod_bc2r
Dashboard image downloaded for dldavenport@multicare.org: /tmp/superset_downloads/daily-report-cathlab-2025-10-10T11-17-06.799Z.jpg
Email sent to dldavenport@multicare.org
No alert after login
No serials found for kate.haker@glassbeam.com → using base dashboard
Opening dashboard for kate.haker@glassbeam.com: https://gbsuperset.glassbeam.com/superset/dashboard/16/?&schema=muhs_extracts&bc2r_schema=muhs_muhs_prod_bc2r
Dashboard image downloaded for kate.haker@glassbeam.com: /tmp/superset_downloads/daily-report-cathlab-2025-10-10T11-17-38.746Z.jpg
Email sent to kate.haker@glassbeam.com
No alert after login
No serials found for reports@glassbeam.com → using base dashboard
Opening dashboard for reports@glassbeam.com: https://gbsuperset.glassbeam.com/superset/dashboard/16/?&schema=muhs_extracts&bc2r_schema=muhs_muhs_prod_bc2r
Dashboard image downloaded for reports@glassbeam.com: /tmp/superset_downloads/daily-report-cathlab-2025-10-10T11-18-10.260Z.jpg
Email sent to reports@glassbeam.com
[Alert after login] Hello from custom.js!
No serials found for richard.roppolo@multicare.org → using base dashboard
Opening dashboard for richard.roppolo@multicare.org: https://gbsuperset.glassbeam.com/superset/dashboard/16/?&schema=muhs_extracts&bc2r_schema=muhs_muhs_prod_bc2r
Dashboard image downloaded for richard.roppolo@multicare.org: /tmp/superset_downloads/daily-report-cathlab-2025-10-10T11-18-39.426Z.jpg
Email sent to richard.roppolo@multicare.org
No alert after login
No serials found for vivek.sundaram@glassbeam.com → using base dashboard
Opening dashboard for vivek.sundaram@glassbeam.com: https://gbsuperset.glassbeam.com/superset/dashboard/16/?&schema=muhs_extracts&bc2r_schema=muhs_muhs_prod_bc2r
Dashboard image downloaded for vivek.sundaram@glassbeam.com: /tmp/superset_downloads/daily-report-cathlab-2025-10-10T11-19-11.409Z.jpg
Email sent to vivek.sundaram@glassbeam.com
2025-10-10 12:00:02 [WVUM]
[Alert after login] Hello from custom.js!
No serials found for abdur.rahman@glassbeam.com → using base dashboard
Opening dashboard for abdur.rahman@glassbeam.com: https://gbsuperset.glassbeam.com/superset/dashboard/16/?&schema=wvum_extracts&bc2r_schema=crothall_wvum_prod_bc2r
Dashboard image downloaded for abdur.rahman@glassbeam.com: /tmp/superset_downloads/daily-report-cathlab-2025-10-10T12-00-31.492Z.jpg
Email sent to abdur.rahman@glassbeam.com
No alert after login
No serials found for aklank.choudhary@glassbeam.com → using base dashboard
Opening dashboard for aklank.choudhary@glassbeam.com: https://gbsuperset.glassbeam.com/superset/dashboard/16/?&schema=wvum_extracts&bc2r_schema=crothall_wvum_prod_bc2r
Dashboard image downloaded for aklank.choudhary@glassbeam.com: /tmp/superset_downloads/daily-report-cathlab-2025-10-10T12-01-03.022Z.jpg
Email sent to aklank.choudhary@glassbeam.com
[Alert after login] Hello from custom.js!
No serials found for ashik.kalasavalli@glassbeam.com → using base dashboard
Opening dashboard for ashik.kalasavalli@glassbeam.com: https://gbsuperset.glassbeam.com/superset/dashboard/16/?&schema=wvum_extracts&bc2r_schema=crothall_wvum_prod_bc2r
Dashboard image downloaded for ashik.kalasavalli@glassbeam.com: /tmp/superset_downloads/daily-report-cathlab-2025-10-10T12-01-32.435Z.jpg
Email sent to ashik.kalasavalli@glassbeam.com
No alert after login
No serials found for kate.haker@glassbeam.com → using base dashboard
Opening dashboard for kate.haker@glassbeam.com: https://gbsuperset.glassbeam.com/superset/dashboard/16/?&schema=wvum_extracts&bc2r_schema=crothall_wvum_prod_bc2r
Dashboard image downloaded for kate.haker@glassbeam.com: /tmp/superset_downloads/daily-report-cathlab-2025-10-10T12-02-03.937Z.jpg
Email sent to kate.haker@glassbeam.com
[Alert after login] Hello from custom.js!
No serials found for mahima.panigatti@glassbeam.com → using base dashboard
Opening dashboard for mahima.panigatti@glassbeam.com: https://gbsuperset.glassbeam.com/superset/dashboard/16/?&schema=wvum_extracts&bc2r_schema=crothall_wvum_prod_bc2r
Dashboard image downloaded for mahima.panigatti@glassbeam.com: /tmp/superset_downloads/daily-report-cathlab-2025-10-10T12-02-34.007Z.jpg
Email sent to mahima.panigatti@glassbeam.com
[Alert after login] Hello from custom.js!
No serials found for shreya@glassbeam.com → using base dashboard
Opening dashboard for shreya@glassbeam.com: https://gbsuperset.glassbeam.com/superset/dashboard/16/?&schema=wvum_extracts&bc2r_schema=crothall_wvum_prod_bc2r
Dashboard image downloaded for shreya@glassbeam.com: /tmp/superset_downloads/daily-report-cathlab-2025-10-10T12-03-03.285Z.jpg
Email sent to shreya@glassbeam.com
No alert after login
No serials found for susi.manimaran@glassbeam.com → using base dashboard
Opening dashboard for susi.manimaran@glassbeam.com: https://gbsuperset.glassbeam.com/superset/dashboard/16/?&schema=wvum_extracts&bc2r_schema=crothall_wvum_prod_bc2r
Dashboard image downloaded for susi.manimaran@glassbeam.com: /tmp/superset_downloads/daily-report-cathlab-2025-10-10T12-03-34.900Z.jpg
Email sent to susi.manimaran@glassbeam.com
2025-10-11 11:15:01 [MUHS]
[Alert after login] Hello from custom.js!
No serials found for abdur.rahman@glassbeam.com → using base dashboard
Opening dashboard for abdur.rahman@glassbeam.com: https://gbsuperset.glassbeam.com/superset/dashboard/16/?&schema=muhs_extracts&bc2r_schema=muhs_muhs_prod_bc2r
Dashboard image downloaded for abdur.rahman@glassbeam.com: /tmp/superset_downloads/daily-report-cathlab-2025-10-11T11-15-31.145Z.jpg
Email sent to abdur.rahman@glassbeam.com
No alert after login
No serials found for aklank.choudhary@glassbeam.com → using base dashboard
Opening dashboard for aklank.choudhary@glassbeam.com: https://gbsuperset.glassbeam.com/superset/dashboard/16/?&schema=muhs_extracts&bc2r_schema=muhs_muhs_prod_bc2r
Dashboard image downloaded for aklank.choudhary@glassbeam.com: /tmp/superset_downloads/daily-report-cathlab-2025-10-11T11-16-03.131Z.jpg
Email sent to aklank.choudhary@glassbeam.com
No alert after login
No serials found for dl-solutions@glassbeam.com → using base dashboard
Opening dashboard for dl-solutions@glassbeam.com: https://gbsuperset.glassbeam.com/superset/dashboard/16/?&schema=muhs_extracts&bc2r_schema=muhs_muhs_prod_bc2r
Dashboard image downloaded for dl-solutions@glassbeam.com: /tmp/superset_downloads/daily-report-cathlab-2025-10-11T11-16-35.094Z.jpg
Email sent to dl-solutions@glassbeam.com
No alert after login
No serials found for dldavenport@multicare.org → using base dashboard
Opening dashboard for dldavenport@multicare.org: https://gbsuperset.glassbeam.com/superset/dashboard/16/?&schema=muhs_extracts&bc2r_schema=muhs_muhs_prod_bc2r
Dashboard image downloaded for dldavenport@multicare.org: /tmp/superset_downloads/daily-report-cathlab-2025-10-11T11-17-06.868Z.jpg
Email sent to dldavenport@multicare.org
No alert after login
No serials found for kate.haker@glassbeam.com → using base dashboard
Opening dashboard for kate.haker@glassbeam.com: https://gbsuperset.glassbeam.com/superset/dashboard/16/?&schema=muhs_extracts&bc2r_schema=muhs_muhs_prod_bc2r
Dashboard image downloaded for kate.haker@glassbeam.com: /tmp/superset_downloads/daily-report-cathlab-2025-10-11T11-17-40.583Z.jpg
Email sent to kate.haker@glassbeam.com
No alert after login
No serials found for reports@glassbeam.com → using base dashboard
Opening dashboard for reports@glassbeam.com: https://gbsuperset.glassbeam.com/superset/dashboard/16/?&schema=muhs_extracts&bc2r_schema=muhs_muhs_prod_bc2r
Dashboard image downloaded for reports@glassbeam.com: /tmp/superset_downloads/daily-report-cathlab-2025-10-11T11-18-14.149Z.jpg
Email sent to reports@glassbeam.com
No alert after login
No serials found for richard.roppolo@multicare.org → using base dashboard
Opening dashboard for richard.roppolo@multicare.org: https://gbsuperset.glassbeam.com/superset/dashboard/16/?&schema=muhs_extracts&bc2r_schema=muhs_muhs_prod_bc2r
Dashboard image downloaded for richard.roppolo@multicare.org: /tmp/superset_downloads/daily-report-cathlab-2025-10-11T11-18-49.235Z.jpg
Email sent to richard.roppolo@multicare.org
No alert after login
No serials found for vivek.sundaram@glassbeam.com → using base dashboard
Opening dashboard for vivek.sundaram@glassbeam.com: https://gbsuperset.glassbeam.com/superset/dashboard/16/?&schema=muhs_extracts&bc2r_schema=muhs_muhs_prod_bc2r
Dashboard image downloaded for vivek.sundaram@glassbeam.com: /tmp/superset_downloads/daily-report-cathlab-2025-10-11T11-19-22.285Z.jpg
Email sent to vivek.sundaram@glassbeam.com
2025-10-11 12:00:01 [WVUM]
[Alert after login] Hello from custom.js!
No serials found for abdur.rahman@glassbeam.com → using base dashboard
Opening dashboard for abdur.rahman@glassbeam.com: https://gbsuperset.glassbeam.com/superset/dashboard/16/?&schema=wvum_extracts&bc2r_schema=crothall_wvum_prod_bc2r
Dashboard image downloaded for abdur.rahman@glassbeam.com: /tmp/superset_downloads/daily-report-cathlab-2025-10-11T12-00-31.341Z.jpg
Email sent to abdur.rahman@glassbeam.com
[Alert after login] Hello from custom.js!
No serials found for aklank.choudhary@glassbeam.com → using base dashboard
Opening dashboard for aklank.choudhary@glassbeam.com: https://gbsuperset.glassbeam.com/superset/dashboard/16/?&schema=wvum_extracts&bc2r_schema=crothall_wvum_prod_bc2r
Dashboard image downloaded for aklank.choudhary@glassbeam.com: /tmp/superset_downloads/daily-report-cathlab-2025-10-11T12-01-00.891Z.jpg
Email sent to aklank.choudhary@glassbeam.com
No alert after login
No serials found for ashik.kalasavalli@glassbeam.com → using base dashboard
Opening dashboard for ashik.kalasavalli@glassbeam.com: https://gbsuperset.glassbeam.com/superset/dashboard/16/?&schema=wvum_extracts&bc2r_schema=crothall_wvum_prod_bc2r
Dashboard image downloaded for ashik.kalasavalli@glassbeam.com: /tmp/superset_downloads/daily-report-cathlab-2025-10-11T12-01-33.694Z.jpg
Email sent to ashik.kalasavalli@glassbeam.com
No alert after login
No serials found for kate.haker@glassbeam.com → using base dashboard
Opening dashboard for kate.haker@glassbeam.com: https://gbsuperset.glassbeam.com/superset/dashboard/16/?&schema=wvum_extracts&bc2r_schema=crothall_wvum_prod_bc2r
Dashboard image downloaded for kate.haker@glassbeam.com: /tmp/superset_downloads/daily-report-cathlab-2025-10-11T12-02-05.730Z.jpg
Email sent to kate.haker@glassbeam.com
No alert after login
No serials found for mahima.panigatti@glassbeam.com → using base dashboard
Opening dashboard for mahima.panigatti@glassbeam.com: https://gbsuperset.glassbeam.com/superset/dashboard/16/?&schema=wvum_extracts&bc2r_schema=crothall_wvum_prod_bc2r
Dashboard image downloaded for mahima.panigatti@glassbeam.com: /tmp/superset_downloads/daily-report-cathlab-2025-10-11T12-02-37.948Z.jpg
Email sent to mahima.panigatti@glassbeam.com
[Alert after login] Hello from custom.js!
No serials found for shreya@glassbeam.com → using base dashboard
Opening dashboard for shreya@glassbeam.com: https://gbsuperset.glassbeam.com/superset/dashboard/16/?&schema=wvum_extracts&bc2r_schema=crothall_wvum_prod_bc2r
Dashboard image downloaded for shreya@glassbeam.com: /tmp/superset_downloads/daily-report-cathlab-2025-10-11T12-03-07.845Z.jpg
Email sent to shreya@glassbeam.com
[Alert after login] Hello from custom.js!
No serials found for susi.manimaran@glassbeam.com → using base dashboard
Opening dashboard for susi.manimaran@glassbeam.com: https://gbsuperset.glassbeam.com/superset/dashboard/16/?&schema=wvum_extracts&bc2r_schema=crothall_wvum_prod_bc2r
Dashboard image downloaded for susi.manimaran@glassbeam.com: /tmp/superset_downloads/daily-report-cathlab-2025-10-11T12-03-37.678Z.jpg
Email sent to susi.manimaran@glassbeam.com
2025-10-12 11:15:01 [MUHS]
No alert after login
No serials found for abdur.rahman@glassbeam.com → using base dashboard
Opening dashboard for abdur.rahman@glassbeam.com: https://gbsuperset.glassbeam.com/superset/dashboard/16/?&schema=muhs_extracts&bc2r_schema=muhs_muhs_prod_bc2r
Dashboard image downloaded for abdur.rahman@glassbeam.com: /tmp/superset_downloads/daily-report-cathlab-2025-10-12T11-15-33.642Z.jpg
Email sent to abdur.rahman@glassbeam.com
No alert after login
No serials found for aklank.choudhary@glassbeam.com → using base dashboard
Opening dashboard for aklank.choudhary@glassbeam.com: https://gbsuperset.glassbeam.com/superset/dashboard/16/?&schema=muhs_extracts&bc2r_schema=muhs_muhs_prod_bc2r
Dashboard image downloaded for aklank.choudhary@glassbeam.com: /tmp/superset_downloads/daily-report-cathlab-2025-10-12T11-16-05.171Z.jpg
Email sent to aklank.choudhary@glassbeam.com
[Alert after login] Hello from custom.js!
No serials found for dl-solutions@glassbeam.com → using base dashboard
Opening dashboard for dl-solutions@glassbeam.com: https://gbsuperset.glassbeam.com/superset/dashboard/16/?&schema=muhs_extracts&bc2r_schema=muhs_muhs_prod_bc2r
Dashboard image downloaded for dl-solutions@glassbeam.com: /tmp/superset_downloads/daily-report-cathlab-2025-10-12T11-16-34.641Z.jpg
Email sent to dl-solutions@glassbeam.com
[Alert after login] Hello from custom.js!
No serials found for dldavenport@multicare.org → using base dashboard
Opening dashboard for dldavenport@multicare.org: https://gbsuperset.glassbeam.com/superset/dashboard/16/?&schema=muhs_extracts&bc2r_schema=muhs_muhs_prod_bc2r
Dashboard image downloaded for dldavenport@multicare.org: /tmp/superset_downloads/daily-report-cathlab-2025-10-12T11-17-04.152Z.jpg
Email sent to dldavenport@multicare.org
[Alert after login] Hello from custom.js!
No serials found for kate.haker@glassbeam.com → using base dashboard
Opening dashboard for kate.haker@glassbeam.com: https://gbsuperset.glassbeam.com/superset/dashboard/16/?&schema=muhs_extracts&bc2r_schema=muhs_muhs_prod_bc2r
Dashboard image downloaded for kate.haker@glassbeam.com: /tmp/superset_downloads/daily-report-cathlab-2025-10-12T11-17-34.503Z.jpg
Email sent to kate.haker@glassbeam.com
No alert after login
No serials found for reports@glassbeam.com → using base dashboard
Opening dashboard for reports@glassbeam.com: https://gbsuperset.glassbeam.com/superset/dashboard/16/?&schema=muhs_extracts&bc2r_schema=muhs_muhs_prod_bc2r
Dashboard image downloaded for reports@glassbeam.com: /tmp/superset_downloads/daily-report-cathlab-2025-10-12T11-18-06.495Z.jpg
Email sent to reports@glassbeam.com
[Alert after login] Hello from custom.js!
No serials found for richard.roppolo@multicare.org → using base dashboard
Opening dashboard for richard.roppolo@multicare.org: https://gbsuperset.glassbeam.com/superset/dashboard/16/?&schema=muhs_extracts&bc2r_schema=muhs_muhs_prod_bc2r
Dashboard image downloaded for richard.roppolo@multicare.org: /tmp/superset_downloads/daily-report-cathlab-2025-10-12T11-18-36.232Z.jpg
Email sent to richard.roppolo@multicare.org
No alert after login
No serials found for vivek.sundaram@glassbeam.com → using base dashboard
Opening dashboard for vivek.sundaram@glassbeam.com: https://gbsuperset.glassbeam.com/superset/dashboard/16/?&schema=muhs_extracts&bc2r_schema=muhs_muhs_prod_bc2r
Dashboard image downloaded for vivek.sundaram@glassbeam.com: /tmp/superset_downloads/daily-report-cathlab-2025-10-12T11-19-07.357Z.jpg
Email sent to vivek.sundaram@glassbeam.com
2025-10-12 12:00:01 [WVUM]
No alert after login
No serials found for abdur.rahman@glassbeam.com → using base dashboard
Opening dashboard for abdur.rahman@glassbeam.com: https://gbsuperset.glassbeam.com/superset/dashboard/16/?&schema=wvum_extracts&bc2r_schema=crothall_wvum_prod_bc2r
Dashboard image downloaded for abdur.rahman@glassbeam.com: /tmp/superset_downloads/daily-report-cathlab-2025-10-12T12-00-33.296Z.jpg
Email sent to abdur.rahman@glassbeam.com
No alert after login
No serials found for aklank.choudhary@glassbeam.com → using base dashboard
Opening dashboard for aklank.choudhary@glassbeam.com: https://gbsuperset.glassbeam.com/superset/dashboard/16/?&schema=wvum_extracts&bc2r_schema=crothall_wvum_prod_bc2r
Dashboard image downloaded for aklank.choudhary@glassbeam.com: /tmp/superset_downloads/daily-report-cathlab-2025-10-12T12-01-05.894Z.jpg
Email sent to aklank.choudhary@glassbeam.com
[Alert after login] Hello from custom.js!
No serials found for ashik.kalasavalli@glassbeam.com → using base dashboard
Opening dashboard for ashik.kalasavalli@glassbeam.com: https://gbsuperset.glassbeam.com/superset/dashboard/16/?&schema=wvum_extracts&bc2r_schema=crothall_wvum_prod_bc2r
Dashboard image downloaded for ashik.kalasavalli@glassbeam.com: /tmp/superset_downloads/daily-report-cathlab-2025-10-12T12-01-36.080Z.jpg
Email sent to ashik.kalasavalli@glassbeam.com
No alert after login
No serials found for kate.haker@glassbeam.com → using base dashboard
Opening dashboard for kate.haker@glassbeam.com: https://gbsuperset.glassbeam.com/superset/dashboard/16/?&schema=wvum_extracts&bc2r_schema=crothall_wvum_prod_bc2r
Dashboard image downloaded for kate.haker@glassbeam.com: /tmp/superset_downloads/daily-report-cathlab-2025-10-12T12-02-08.676Z.jpg
Email sent to kate.haker@glassbeam.com
No alert after login
No serials found for mahima.panigatti@glassbeam.com → using base dashboard
Opening dashboard for mahima.panigatti@glassbeam.com: https://gbsuperset.glassbeam.com/superset/dashboard/16/?&schema=wvum_extracts&bc2r_schema=crothall_wvum_prod_bc2r
Dashboard image downloaded for mahima.panigatti@glassbeam.com: /tmp/superset_downloads/daily-report-cathlab-2025-10-12T12-02-40.889Z.jpg
Email sent to mahima.panigatti@glassbeam.com
No alert after login
No serials found for shreya@glassbeam.com → using base dashboard
Opening dashboard for shreya@glassbeam.com: https://gbsuperset.glassbeam.com/superset/dashboard/16/?&schema=wvum_extracts&bc2r_schema=crothall_wvum_prod_bc2r
Dashboard image downloaded for shreya@glassbeam.com: /tmp/superset_downloads/daily-report-cathlab-2025-10-12T12-03-12.705Z.jpg
Email sent to shreya@glassbeam.com
No alert after login
No serials found for susi.manimaran@glassbeam.com → using base dashboard
Opening dashboard for susi.manimaran@glassbeam.com: https://gbsuperset.glassbeam.com/superset/dashboard/16/?&schema=wvum_extracts&bc2r_schema=crothall_wvum_prod_bc2r
Dashboard image downloaded for susi.manimaran@glassbeam.com: /tmp/superset_downloads/daily-report-cathlab-2025-10-12T12-03-44.491Z.jpg
Email sent to susi.manimaran@glassbeam.com
2025-10-13 11:15:01 [MUHS]
No alert after login
No serials found for abdur.rahman@glassbeam.com → using base dashboard
Opening dashboard for abdur.rahman@glassbeam.com: https://gbsuperset.glassbeam.com/superset/dashboard/16/?&schema=muhs_extracts&bc2r_schema=muhs_muhs_prod_bc2r
Dashboard image downloaded for abdur.rahman@glassbeam.com: /tmp/superset_downloads/daily-report-cathlab-2025-10-13T11-15-32.997Z.jpg
Email sent to abdur.rahman@glassbeam.com
[Alert after login] Hello from custom.js!
No serials found for aklank.choudhary@glassbeam.com → using base dashboard
Opening dashboard for aklank.choudhary@glassbeam.com: https://gbsuperset.glassbeam.com/superset/dashboard/16/?&schema=muhs_extracts&bc2r_schema=muhs_muhs_prod_bc2r
Dashboard image downloaded for aklank.choudhary@glassbeam.com: /tmp/superset_downloads/daily-report-cathlab-2025-10-13T11-16-02.767Z.jpg
Email sent to aklank.choudhary@glassbeam.com
No alert after login
No serials found for dl-solutions@glassbeam.com → using base dashboard
Opening dashboard for dl-solutions@glassbeam.com: https://gbsuperset.glassbeam.com/superset/dashboard/16/?&schema=muhs_extracts&bc2r_schema=muhs_muhs_prod_bc2r
Dashboard image downloaded for dl-solutions@glassbeam.com: /tmp/superset_downloads/daily-report-cathlab-2025-10-13T11-16-34.728Z.jpg
Email sent to dl-solutions@glassbeam.com
[Alert after login] Hello from custom.js!
No serials found for dldavenport@multicare.org → using base dashboard
Opening dashboard for dldavenport@multicare.org: https://gbsuperset.glassbeam.com/superset/dashboard/16/?&schema=muhs_extracts&bc2r_schema=muhs_muhs_prod_bc2r
Dashboard image downloaded for dldavenport@multicare.org: /tmp/superset_downloads/daily-report-cathlab-2025-10-13T11-17-04.079Z.jpg
Email sent to dldavenport@multicare.org
No alert after login
No serials found for kate.haker@glassbeam.com → using base dashboard
Opening dashboard for kate.haker@glassbeam.com: https://gbsuperset.glassbeam.com/superset/dashboard/16/?&schema=muhs_extracts&bc2r_schema=muhs_muhs_prod_bc2r
Dashboard image downloaded for kate.haker@glassbeam.com: /tmp/superset_downloads/daily-report-cathlab-2025-10-13T11-17-36.227Z.jpg
Email sent to kate.haker@glassbeam.com
No alert after login
No serials found for reports@glassbeam.com → using base dashboard
Opening dashboard for reports@glassbeam.com: https://gbsuperset.glassbeam.com/superset/dashboard/16/?&schema=muhs_extracts&bc2r_schema=muhs_muhs_prod_bc2r
Dashboard image downloaded for reports@glassbeam.com: /tmp/superset_downloads/daily-report-cathlab-2025-10-13T11-18-07.911Z.jpg
Email sent to reports@glassbeam.com
No alert after login
No serials found for richard.roppolo@multicare.org → using base dashboard
Opening dashboard for richard.roppolo@multicare.org: https://gbsuperset.glassbeam.com/superset/dashboard/16/?&schema=muhs_extracts&bc2r_schema=muhs_muhs_prod_bc2r
Dashboard image downloaded for richard.roppolo@multicare.org: /tmp/superset_downloads/daily-report-cathlab-2025-10-13T11-18-40.461Z.jpg
Email sent to richard.roppolo@multicare.org
[Alert after login] Hello from custom.js!
No serials found for vivek.sundaram@glassbeam.com → using base dashboard
Opening dashboard for vivek.sundaram@glassbeam.com: https://gbsuperset.glassbeam.com/superset/dashboard/16/?&schema=muhs_extracts&bc2r_schema=muhs_muhs_prod_bc2r
Dashboard image downloaded for vivek.sundaram@glassbeam.com: /tmp/superset_downloads/daily-report-cathlab-2025-10-13T11-19-10.471Z.jpg
Email sent to vivek.sundaram@glassbeam.com
2025-10-13 12:00:02 [WVUM]
No alert after login
No serials found for abdur.rahman@glassbeam.com → using base dashboard
Opening dashboard for abdur.rahman@glassbeam.com: https://gbsuperset.glassbeam.com/superset/dashboard/16/?&schema=wvum_extracts&bc2r_schema=crothall_wvum_prod_bc2r
Dashboard image downloaded for abdur.rahman@glassbeam.com: /tmp/superset_downloads/daily-report-cathlab-2025-10-13T12-00-33.597Z.jpg
Email sent to abdur.rahman@glassbeam.com
[Alert after login] Hello from custom.js!
No serials found for aklank.choudhary@glassbeam.com → using base dashboard
Opening dashboard for aklank.choudhary@glassbeam.com: https://gbsuperset.glassbeam.com/superset/dashboard/16/?&schema=wvum_extracts&bc2r_schema=crothall_wvum_prod_bc2r
Dashboard image downloaded for aklank.choudhary@glassbeam.com: /tmp/superset_downloads/daily-report-cathlab-2025-10-13T12-01-03.593Z.jpg
Email sent to aklank.choudhary@glassbeam.com
No alert after login
No serials found for ashik.kalasavalli@glassbeam.com → using base dashboard
Opening dashboard for ashik.kalasavalli@glassbeam.com: https://gbsuperset.glassbeam.com/superset/dashboard/16/?&schema=wvum_extracts&bc2r_schema=crothall_wvum_prod_bc2r
Dashboard image downloaded for ashik.kalasavalli@glassbeam.com: /tmp/superset_downloads/daily-report-cathlab-2025-10-13T12-01-35.189Z.jpg
Email sent to ashik.kalasavalli@glassbeam.com
No alert after login
No serials found for kate.haker@glassbeam.com → using base dashboard
Opening dashboard for kate.haker@glassbeam.com: https://gbsuperset.glassbeam.com/superset/dashboard/16/?&schema=wvum_extracts&bc2r_schema=crothall_wvum_prod_bc2r
Dashboard image downloaded for kate.haker@glassbeam.com: /tmp/superset_downloads/daily-report-cathlab-2025-10-13T12-02-07.396Z.jpg
Email sent to kate.haker@glassbeam.com
No alert after login
No serials found for mahima.panigatti@glassbeam.com → using base dashboard
Opening dashboard for mahima.panigatti@glassbeam.com: https://gbsuperset.glassbeam.com/superset/dashboard/16/?&schema=wvum_extracts&bc2r_schema=crothall_wvum_prod_bc2r
Dashboard image downloaded for mahima.panigatti@glassbeam.com: /tmp/superset_downloads/daily-report-cathlab-2025-10-13T12-02-39.693Z.jpg
Email sent to mahima.panigatti@glassbeam.com
No alert after login
No serials found for shreya@glassbeam.com → using base dashboard
Opening dashboard for shreya@glassbeam.com: https://gbsuperset.glassbeam.com/superset/dashboard/16/?&schema=wvum_extracts&bc2r_schema=crothall_wvum_prod_bc2r
Dashboard image downloaded for shreya@glassbeam.com: /tmp/superset_downloads/daily-report-cathlab-2025-10-13T12-03-12.369Z.jpg
Email sent to shreya@glassbeam.com
[Alert after login] Hello from custom.js!
No serials found for susi.manimaran@glassbeam.com → using base dashboard
Opening dashboard for susi.manimaran@glassbeam.com: https://gbsuperset.glassbeam.com/superset/dashboard/16/?&schema=wvum_extracts&bc2r_schema=crothall_wvum_prod_bc2r
Dashboard image downloaded for susi.manimaran@glassbeam.com: /tmp/superset_downloads/daily-report-cathlab-2025-10-13T12-03-44.001Z.jpg
Email sent to susi.manimaran@glassbeam.com
2025-10-14 11:15:01 [MUHS]
No alert after login
No serials found for abdur.rahman@glassbeam.com → using base dashboard
Opening dashboard for abdur.rahman@glassbeam.com: https://gbsuperset.glassbeam.com/superset/dashboard/16/?&schema=muhs_extracts&bc2r_schema=muhs_muhs_prod_bc2r
Dashboard image downloaded for abdur.rahman@glassbeam.com: /tmp/superset_downloads/daily-report-cathlab-2025-10-14T11-15-32.581Z.jpg
Email sent to abdur.rahman@glassbeam.com
[Alert after login] Hello from custom.js!
No serials found for aklank.choudhary@glassbeam.com → using base dashboard
Opening dashboard for aklank.choudhary@glassbeam.com: https://gbsuperset.glassbeam.com/superset/dashboard/16/?&schema=muhs_extracts&bc2r_schema=muhs_muhs_prod_bc2r
Dashboard image downloaded for aklank.choudhary@glassbeam.com: /tmp/superset_downloads/daily-report-cathlab-2025-10-14T11-16-02.327Z.jpg
Email sent to aklank.choudhary@glassbeam.com
No alert after login
No serials found for dl-solutions@glassbeam.com → using base dashboard
Opening dashboard for dl-solutions@glassbeam.com: https://gbsuperset.glassbeam.com/superset/dashboard/16/?&schema=muhs_extracts&bc2r_schema=muhs_muhs_prod_bc2r
Dashboard image downloaded for dl-solutions@glassbeam.com: /tmp/superset_downloads/daily-report-cathlab-2025-10-14T11-16-34.371Z.jpg
Email sent to dl-solutions@glassbeam.com
No alert after login
No serials found for dldavenport@multicare.org → using base dashboard
Opening dashboard for dldavenport@multicare.org: https://gbsuperset.glassbeam.com/superset/dashboard/16/?&schema=muhs_extracts&bc2r_schema=muhs_muhs_prod_bc2r
Dashboard image downloaded for dldavenport@multicare.org: /tmp/superset_downloads/daily-report-cathlab-2025-10-14T11-17-05.192Z.jpg
Email sent to dldavenport@multicare.org
No alert after login
No serials found for kate.haker@glassbeam.com → using base dashboard
Opening dashboard for kate.haker@glassbeam.com: https://gbsuperset.glassbeam.com/superset/dashboard/16/?&schema=muhs_extracts&bc2r_schema=muhs_muhs_prod_bc2r
Dashboard image downloaded for kate.haker@glassbeam.com: /tmp/superset_downloads/daily-report-cathlab-2025-10-14T11-17-36.354Z.jpg
Email sent to kate.haker@glassbeam.com
[Alert after login] Hello from custom.js!
No serials found for reports@glassbeam.com → using base dashboard
Opening dashboard for reports@glassbeam.com: https://gbsuperset.glassbeam.com/superset/dashboard/16/?&schema=muhs_extracts&bc2r_schema=muhs_muhs_prod_bc2r
Dashboard image downloaded for reports@glassbeam.com: /tmp/superset_downloads/daily-report-cathlab-2025-10-14T11-18-05.739Z.jpg
Email sent to reports@glassbeam.com
No alert after login
No serials found for richard.roppolo@multicare.org → using base dashboard
Opening dashboard for richard.roppolo@multicare.org: https://gbsuperset.glassbeam.com/superset/dashboard/16/?&schema=muhs_extracts&bc2r_schema=muhs_muhs_prod_bc2r
Dashboard image downloaded for richard.roppolo@multicare.org: /tmp/superset_downloads/daily-report-cathlab-2025-10-14T11-18-36.595Z.jpg
Email sent to richard.roppolo@multicare.org
No alert after login
No serials found for vivek.sundaram@glassbeam.com → using base dashboard
Opening dashboard for vivek.sundaram@glassbeam.com: https://gbsuperset.glassbeam.com/superset/dashboard/16/?&schema=muhs_extracts&bc2r_schema=muhs_muhs_prod_bc2r
Dashboard image downloaded for vivek.sundaram@glassbeam.com: /tmp/superset_downloads/daily-report-cathlab-2025-10-14T11-19-08.709Z.jpg
Email sent to vivek.sundaram@glassbeam.com
2025-10-14 12:00:01 [WVUM]
No alert after login
No serials found for abdur.rahman@glassbeam.com → using base dashboard
Opening dashboard for abdur.rahman@glassbeam.com: https://gbsuperset.glassbeam.com/superset/dashboard/16/?&schema=wvum_extracts&bc2r_schema=crothall_wvum_prod_bc2r
Dashboard image downloaded for abdur.rahman@glassbeam.com: /tmp/superset_downloads/daily-report-cathlab-2025-10-14T12-00-33.315Z.jpg
Email sent to abdur.rahman@glassbeam.com
No alert after login
No serials found for aklank.choudhary@glassbeam.com → using base dashboard
Opening dashboard for aklank.choudhary@glassbeam.com: https://gbsuperset.glassbeam.com/superset/dashboard/16/?&schema=wvum_extracts&bc2r_schema=crothall_wvum_prod_bc2r
Dashboard image downloaded for aklank.choudhary@glassbeam.com: /tmp/superset_downloads/daily-report-cathlab-2025-10-14T12-01-04.866Z.jpg
Email sent to aklank.choudhary@glassbeam.com
No alert after login
No serials found for ashik.kalasavalli@glassbeam.com → using base dashboard
Opening dashboard for ashik.kalasavalli@glassbeam.com: https://gbsuperset.glassbeam.com/superset/dashboard/16/?&schema=wvum_extracts&bc2r_schema=crothall_wvum_prod_bc2r
Dashboard image downloaded for ashik.kalasavalli@glassbeam.com: /tmp/superset_downloads/daily-report-cathlab-2025-10-14T12-01-37.497Z.jpg
Email sent to ashik.kalasavalli@glassbeam.com
No alert after login
No serials found for kate.haker@glassbeam.com → using base dashboard
Opening dashboard for kate.haker@glassbeam.com: https://gbsuperset.glassbeam.com/superset/dashboard/16/?&schema=wvum_extracts&bc2r_schema=crothall_wvum_prod_bc2r
Dashboard image downloaded for kate.haker@glassbeam.com: /tmp/superset_downloads/daily-report-cathlab-2025-10-14T12-02-08.764Z.jpg
Email sent to kate.haker@glassbeam.com
[Alert after login] Hello from custom.js!
No serials found for mahima.panigatti@glassbeam.com → using base dashboard
Opening dashboard for mahima.panigatti@glassbeam.com: https://gbsuperset.glassbeam.com/superset/dashboard/16/?&schema=wvum_extracts&bc2r_schema=crothall_wvum_prod_bc2r
Dashboard image downloaded for mahima.panigatti@glassbeam.com: /tmp/superset_downloads/daily-report-cathlab-2025-10-14T12-02-38.461Z.jpg
Email sent to mahima.panigatti@glassbeam.com
No alert after login
No serials found for shreya@glassbeam.com → using base dashboard
Opening dashboard for shreya@glassbeam.com: https://gbsuperset.glassbeam.com/superset/dashboard/16/?&schema=wvum_extracts&bc2r_schema=crothall_wvum_prod_bc2r
Dashboard image downloaded for shreya@glassbeam.com: /tmp/superset_downloads/daily-report-cathlab-2025-10-14T12-03-09.765Z.jpg
Email sent to shreya@glassbeam.com
No alert after login
No serials found for susi.manimaran@glassbeam.com → using base dashboard
Opening dashboard for susi.manimaran@glassbeam.com: https://gbsuperset.glassbeam.com/superset/dashboard/16/?&schema=wvum_extracts&bc2r_schema=crothall_wvum_prod_bc2r
Dashboard image downloaded for susi.manimaran@glassbeam.com: /tmp/superset_downloads/daily-report-cathlab-2025-10-14T12-03-41.877Z.jpg
Email sent to susi.manimaran@glassbeam.com
2025-10-15 11:15:01 [MUHS]
No alert after login
No serials found for abdur.rahman@glassbeam.com → using base dashboard
Opening dashboard for abdur.rahman@glassbeam.com: https://gbsuperset.glassbeam.com/superset/dashboard/16/?&schema=muhs_extracts&bc2r_schema=muhs_muhs_prod_bc2r
Dashboard image downloaded for abdur.rahman@glassbeam.com: /tmp/superset_downloads/daily-report-cathlab-2025-10-15T11-15-33.504Z.jpg
Email sent to abdur.rahman@glassbeam.com
No alert after login
No serials found for aklank.choudhary@glassbeam.com → using base dashboard
Opening dashboard for aklank.choudhary@glassbeam.com: https://gbsuperset.glassbeam.com/superset/dashboard/16/?&schema=muhs_extracts&bc2r_schema=muhs_muhs_prod_bc2r
Dashboard image downloaded for aklank.choudhary@glassbeam.com: /tmp/superset_downloads/daily-report-cathlab-2025-10-15T11-16-05.216Z.jpg
Email sent to aklank.choudhary@glassbeam.com
No alert after login
No serials found for dl-solutions@glassbeam.com → using base dashboard
Opening dashboard for dl-solutions@glassbeam.com: https://gbsuperset.glassbeam.com/superset/dashboard/16/?&schema=muhs_extracts&bc2r_schema=muhs_muhs_prod_bc2r
Dashboard image downloaded for dl-solutions@glassbeam.com: /tmp/superset_downloads/daily-report-cathlab-2025-10-15T11-16-37.361Z.jpg
Email sent to dl-solutions@glassbeam.com
No alert after login
No serials found for dldavenport@multicare.org → using base dashboard
Opening dashboard for dldavenport@multicare.org: https://gbsuperset.glassbeam.com/superset/dashboard/16/?&schema=muhs_extracts&bc2r_schema=muhs_muhs_prod_bc2r
Dashboard image downloaded for dldavenport@multicare.org: /tmp/superset_downloads/daily-report-cathlab-2025-10-15T11-17-08.672Z.jpg
Email sent to dldavenport@multicare.org
No alert after login
No serials found for kate.haker@glassbeam.com → using base dashboard
Opening dashboard for kate.haker@glassbeam.com: https://gbsuperset.glassbeam.com/superset/dashboard/16/?&schema=muhs_extracts&bc2r_schema=muhs_muhs_prod_bc2r
Dashboard image downloaded for kate.haker@glassbeam.com: /tmp/superset_downloads/daily-report-cathlab-2025-10-15T11-17-39.944Z.jpg
Email sent to kate.haker@glassbeam.com
[Alert after login] Hello from custom.js!
No serials found for reports@glassbeam.com → using base dashboard
Opening dashboard for reports@glassbeam.com: https://gbsuperset.glassbeam.com/superset/dashboard/16/?&schema=muhs_extracts&bc2r_schema=muhs_muhs_prod_bc2r
Dashboard image downloaded for reports@glassbeam.com: /tmp/superset_downloads/daily-report-cathlab-2025-10-15T11-18-09.315Z.jpg
Email sent to reports@glassbeam.com
No alert after login
No serials found for richard.roppolo@multicare.org → using base dashboard
Opening dashboard for richard.roppolo@multicare.org: https://gbsuperset.glassbeam.com/superset/dashboard/16/?&schema=muhs_extracts&bc2r_schema=muhs_muhs_prod_bc2r
Dashboard image downloaded for richard.roppolo@multicare.org: /tmp/superset_downloads/daily-report-cathlab-2025-10-15T11-18-41.162Z.jpg
Email sent to richard.roppolo@multicare.org
No alert after login
No serials found for vivek.sundaram@glassbeam.com → using base dashboard
Opening dashboard for vivek.sundaram@glassbeam.com: https://gbsuperset.glassbeam.com/superset/dashboard/16/?&schema=muhs_extracts&bc2r_schema=muhs_muhs_prod_bc2r
Dashboard image downloaded for vivek.sundaram@glassbeam.com: /tmp/superset_downloads/daily-report-cathlab-2025-10-15T11-19-15.317Z.jpg
Email sent to vivek.sundaram@glassbeam.com
2025-10-15 12:00:01 [WVUM]
No alert after login
No serials found for abdur.rahman@glassbeam.com → using base dashboard
Opening dashboard for abdur.rahman@glassbeam.com: https://gbsuperset.glassbeam.com/superset/dashboard/16/?&schema=wvum_extracts&bc2r_schema=crothall_wvum_prod_bc2r
Dashboard image downloaded for abdur.rahman@glassbeam.com: /tmp/superset_downloads/daily-report-cathlab-2025-10-15T12-00-33.208Z.jpg
Email sent to abdur.rahman@glassbeam.com
No alert after login
No serials found for aklank.choudhary@glassbeam.com → using base dashboard
Opening dashboard for aklank.choudhary@glassbeam.com: https://gbsuperset.glassbeam.com/superset/dashboard/16/?&schema=wvum_extracts&bc2r_schema=crothall_wvum_prod_bc2r
Dashboard image downloaded for aklank.choudhary@glassbeam.com: /tmp/superset_downloads/daily-report-cathlab-2025-10-15T12-01-05.640Z.jpg
Email sent to aklank.choudhary@glassbeam.com
No alert after login
No serials found for ashik.kalasavalli@glassbeam.com → using base dashboard
Opening dashboard for ashik.kalasavalli@glassbeam.com: https://gbsuperset.glassbeam.com/superset/dashboard/16/?&schema=wvum_extracts&bc2r_schema=crothall_wvum_prod_bc2r
Dashboard image downloaded for ashik.kalasavalli@glassbeam.com: /tmp/superset_downloads/daily-report-cathlab-2025-10-15T12-01-37.206Z.jpg
Email sent to ashik.kalasavalli@glassbeam.com
No alert after login
No serials found for kate.haker@glassbeam.com → using base dashboard
Opening dashboard for kate.haker@glassbeam.com: https://gbsuperset.glassbeam.com/superset/dashboard/16/?&schema=wvum_extracts&bc2r_schema=crothall_wvum_prod_bc2r
Dashboard image downloaded for kate.haker@glassbeam.com: /tmp/superset_downloads/daily-report-cathlab-2025-10-15T12-02-08.240Z.jpg
Email sent to kate.haker@glassbeam.com
No alert after login
No serials found for mahima.panigatti@glassbeam.com → using base dashboard
Opening dashboard for mahima.panigatti@glassbeam.com: https://gbsuperset.glassbeam.com/superset/dashboard/16/?&schema=wvum_extracts&bc2r_schema=crothall_wvum_prod_bc2r
Dashboard image downloaded for mahima.panigatti@glassbeam.com: /tmp/superset_downloads/daily-report-cathlab-2025-10-15T12-02-40.166Z.jpg
Email sent to mahima.panigatti@glassbeam.com
No alert after login
No serials found for shreya@glassbeam.com → using base dashboard
Opening dashboard for shreya@glassbeam.com: https://gbsuperset.glassbeam.com/superset/dashboard/16/?&schema=wvum_extracts&bc2r_schema=crothall_wvum_prod_bc2r
Dashboard image downloaded for shreya@glassbeam.com: /tmp/superset_downloads/daily-report-cathlab-2025-10-15T12-03-12.122Z.jpg
Email sent to shreya@glassbeam.com
No alert after login
No serials found for susi.manimaran@glassbeam.com → using base dashboard
Opening dashboard for susi.manimaran@glassbeam.com: https://gbsuperset.glassbeam.com/superset/dashboard/16/?&schema=wvum_extracts&bc2r_schema=crothall_wvum_prod_bc2r
Dashboard image downloaded for susi.manimaran@glassbeam.com: /tmp/superset_downloads/daily-report-cathlab-2025-10-15T12-03-44.870Z.jpg
Email sent to susi.manimaran@glassbeam.com
2025-10-16 11:15:01 [MUHS]
[Alert after login] Hello from custom.js!
No serials found for abdur.rahman@glassbeam.com → using base dashboard
Opening dashboard for abdur.rahman@glassbeam.com: https://gbsuperset.glassbeam.com/superset/dashboard/16/?&schema=muhs_extracts&bc2r_schema=muhs_muhs_prod_bc2r
Dashboard image downloaded for abdur.rahman@glassbeam.com: /tmp/superset_downloads/daily-report-cathlab-2025-10-16T11-15-31.965Z.jpg
Email sent to abdur.rahman@glassbeam.com
[Alert after login] Hello from custom.js!
No serials found for aklank.choudhary@glassbeam.com → using base dashboard
Opening dashboard for aklank.choudhary@glassbeam.com: https://gbsuperset.glassbeam.com/superset/dashboard/16/?&schema=muhs_extracts&bc2r_schema=muhs_muhs_prod_bc2r
Dashboard image downloaded for aklank.choudhary@glassbeam.com: /tmp/superset_downloads/daily-report-cathlab-2025-10-16T11-16-02.270Z.jpg
Email sent to aklank.choudhary@glassbeam.com
[Alert after login] Hello from custom.js!
No serials found for dl-solutions@glassbeam.com → using base dashboard
Opening dashboard for dl-solutions@glassbeam.com: https://gbsuperset.glassbeam.com/superset/dashboard/16/?&schema=muhs_extracts&bc2r_schema=muhs_muhs_prod_bc2r
Dashboard image downloaded for dl-solutions@glassbeam.com: /tmp/superset_downloads/daily-report-cathlab-2025-10-16T11-16-32.967Z.jpg
Email sent to dl-solutions@glassbeam.com
[Alert after login] Hello from custom.js!
No serials found for dldavenport@multicare.org → using base dashboard
Opening dashboard for dldavenport@multicare.org: https://gbsuperset.glassbeam.com/superset/dashboard/16/?&schema=muhs_extracts&bc2r_schema=muhs_muhs_prod_bc2r
Dashboard image downloaded for dldavenport@multicare.org: /tmp/superset_downloads/daily-report-cathlab-2025-10-16T11-17-03.564Z.jpg
Email sent to dldavenport@multicare.org
No alert after login
No serials found for kate.haker@glassbeam.com → using base dashboard
Opening dashboard for kate.haker@glassbeam.com: https://gbsuperset.glassbeam.com/superset/dashboard/16/?&schema=muhs_extracts&bc2r_schema=muhs_muhs_prod_bc2r
Dashboard image downloaded for kate.haker@glassbeam.com: /tmp/superset_downloads/daily-report-cathlab-2025-10-16T11-17-35.439Z.jpg
Email sent to kate.haker@glassbeam.com
No alert after login
No serials found for reports@glassbeam.com → using base dashboard
Opening dashboard for reports@glassbeam.com: https://gbsuperset.glassbeam.com/superset/dashboard/16/?&schema=muhs_extracts&bc2r_schema=muhs_muhs_prod_bc2r
Dashboard image downloaded for reports@glassbeam.com: /tmp/superset_downloads/daily-report-cathlab-2025-10-16T11-18-08.469Z.jpg
Email sent to reports@glassbeam.com
No alert after login
No serials found for richard.roppolo@multicare.org → using base dashboard
Opening dashboard for richard.roppolo@multicare.org: https://gbsuperset.glassbeam.com/superset/dashboard/16/?&schema=muhs_extracts&bc2r_schema=muhs_muhs_prod_bc2r
Dashboard image downloaded for richard.roppolo@multicare.org: /tmp/superset_downloads/daily-report-cathlab-2025-10-16T11-18-40.529Z.jpg
Email sent to richard.roppolo@multicare.org
[Alert after login] Hello from custom.js!
No serials found for vivek.sundaram@glassbeam.com → using base dashboard
Opening dashboard for vivek.sundaram@glassbeam.com: https://gbsuperset.glassbeam.com/superset/dashboard/16/?&schema=muhs_extracts&bc2r_schema=muhs_muhs_prod_bc2r
Dashboard image downloaded for vivek.sundaram@glassbeam.com: /tmp/superset_downloads/daily-report-cathlab-2025-10-16T11-19-10.414Z.jpg
Email sent to vivek.sundaram@glassbeam.com
2025-10-16 12:00:01 [WVUM]
No alert after login
No serials found for abdur.rahman@glassbeam.com → using base dashboard
Opening dashboard for abdur.rahman@glassbeam.com: https://gbsuperset.glassbeam.com/superset/dashboard/16/?&schema=wvum_extracts&bc2r_schema=crothall_wvum_prod_bc2r
Dashboard image downloaded for abdur.rahman@glassbeam.com: /tmp/superset_downloads/daily-report-cathlab-2025-10-16T12-00-33.694Z.jpg
Email sent to abdur.rahman@glassbeam.com
No alert after login
No serials found for aklank.choudhary@glassbeam.com → using base dashboard
Opening dashboard for aklank.choudhary@glassbeam.com: https://gbsuperset.glassbeam.com/superset/dashboard/16/?&schema=wvum_extracts&bc2r_schema=crothall_wvum_prod_bc2r
Dashboard image downloaded for aklank.choudhary@glassbeam.com: /tmp/superset_downloads/daily-report-cathlab-2025-10-16T12-01-06.514Z.jpg
Email sent to aklank.choudhary@glassbeam.com
No alert after login
No serials found for ashik.kalasavalli@glassbeam.com → using base dashboard
Opening dashboard for ashik.kalasavalli@glassbeam.com: https://gbsuperset.glassbeam.com/superset/dashboard/16/?&schema=wvum_extracts&bc2r_schema=crothall_wvum_prod_bc2r
Dashboard image downloaded for ashik.kalasavalli@glassbeam.com: /tmp/superset_downloads/daily-report-cathlab-2025-10-16T12-01-38.089Z.jpg
Email sent to ashik.kalasavalli@glassbeam.com
No alert after login
No serials found for kate.haker@glassbeam.com → using base dashboard
Opening dashboard for kate.haker@glassbeam.com: https://gbsuperset.glassbeam.com/superset/dashboard/16/?&schema=wvum_extracts&bc2r_schema=crothall_wvum_prod_bc2r
Dashboard image downloaded for kate.haker@glassbeam.com: /tmp/superset_downloads/daily-report-cathlab-2025-10-16T12-02-11.243Z.jpg
Email sent to kate.haker@glassbeam.com
No alert after login
No serials found for mahima.panigatti@glassbeam.com → using base dashboard
Opening dashboard for mahima.panigatti@glassbeam.com: https://gbsuperset.glassbeam.com/superset/dashboard/16/?&schema=wvum_extracts&bc2r_schema=crothall_wvum_prod_bc2r
Dashboard image downloaded for mahima.panigatti@glassbeam.com: /tmp/superset_downloads/daily-report-cathlab-2025-10-16T12-02-44.405Z.jpg
Email sent to mahima.panigatti@glassbeam.com
No alert after login
No serials found for shreya@glassbeam.com → using base dashboard
Opening dashboard for shreya@glassbeam.com: https://gbsuperset.glassbeam.com/superset/dashboard/16/?&schema=wvum_extracts&bc2r_schema=crothall_wvum_prod_bc2r
Dashboard image downloaded for shreya@glassbeam.com: /tmp/superset_downloads/daily-report-cathlab-2025-10-16T12-03-16.665Z.jpg
Email sent to shreya@glassbeam.com
No alert after login
No serials found for susi.manimaran@glassbeam.com → using base dashboard
Opening dashboard for susi.manimaran@glassbeam.com: https://gbsuperset.glassbeam.com/superset/dashboard/16/?&schema=wvum_extracts&bc2r_schema=crothall_wvum_prod_bc2r
Dashboard image downloaded for susi.manimaran@glassbeam.com: /tmp/superset_downloads/daily-report-cathlab-2025-10-16T12-03-49.348Z.jpg
Email sent to susi.manimaran@glassbeam.com
2025-10-17 11:15:01 [MUHS]
No alert after login
No serials found for abdur.rahman@glassbeam.com → using base dashboard
Opening dashboard for abdur.rahman@glassbeam.com: https://gbsuperset.glassbeam.com/superset/dashboard/16/?&schema=muhs_extracts&bc2r_schema=muhs_muhs_prod_bc2r
Dashboard image downloaded for abdur.rahman@glassbeam.com: /tmp/superset_downloads/daily-report-cathlab-2025-10-17T11-15-33.926Z.jpg
Email sent to abdur.rahman@glassbeam.com
No alert after login
No serials found for aklank.choudhary@glassbeam.com → using base dashboard
Opening dashboard for aklank.choudhary@glassbeam.com: https://gbsuperset.glassbeam.com/superset/dashboard/16/?&schema=muhs_extracts&bc2r_schema=muhs_muhs_prod_bc2r
Dashboard image downloaded for aklank.choudhary@glassbeam.com: /tmp/superset_downloads/daily-report-cathlab-2025-10-17T11-16-05.093Z.jpg
Email sent to aklank.choudhary@glassbeam.com
[Alert after login] Hello from custom.js!
No serials found for dl-solutions@glassbeam.com → using base dashboard
Opening dashboard for dl-solutions@glassbeam.com: https://gbsuperset.glassbeam.com/superset/dashboard/16/?&schema=muhs_extracts&bc2r_schema=muhs_muhs_prod_bc2r
Dashboard image downloaded for dl-solutions@glassbeam.com: /tmp/superset_downloads/daily-report-cathlab-2025-10-17T11-16-35.814Z.jpg
Email sent to dl-solutions@glassbeam.com
No alert after login
No serials found for dldavenport@multicare.org → using base dashboard
Opening dashboard for dldavenport@multicare.org: https://gbsuperset.glassbeam.com/superset/dashboard/16/?&schema=muhs_extracts&bc2r_schema=muhs_muhs_prod_bc2r
Dashboard image downloaded for dldavenport@multicare.org: /tmp/superset_downloads/daily-report-cathlab-2025-10-17T11-17-07.163Z.jpg
Email sent to dldavenport@multicare.org
[Alert after login] Hello from custom.js!
No serials found for kate.haker@glassbeam.com → using base dashboard
Opening dashboard for kate.haker@glassbeam.com: https://gbsuperset.glassbeam.com/superset/dashboard/16/?&schema=muhs_extracts&bc2r_schema=muhs_muhs_prod_bc2r
Dashboard image downloaded for kate.haker@glassbeam.com: /tmp/superset_downloads/daily-report-cathlab-2025-10-17T11-17-36.987Z.jpg
Email sent to kate.haker@glassbeam.com
No alert after login
No serials found for reports@glassbeam.com → using base dashboard
Opening dashboard for reports@glassbeam.com: https://gbsuperset.glassbeam.com/superset/dashboard/16/?&schema=muhs_extracts&bc2r_schema=muhs_muhs_prod_bc2r
Dashboard image downloaded for reports@glassbeam.com: /tmp/superset_downloads/daily-report-cathlab-2025-10-17T11-18-09.344Z.jpg
Email sent to reports@glassbeam.com
[Alert after login] Hello from custom.js!
No serials found for richard.roppolo@multicare.org → using base dashboard
Opening dashboard for richard.roppolo@multicare.org: https://gbsuperset.glassbeam.com/superset/dashboard/16/?&schema=muhs_extracts&bc2r_schema=muhs_muhs_prod_bc2r
Dashboard image downloaded for richard.roppolo@multicare.org: /tmp/superset_downloads/daily-report-cathlab-2025-10-17T11-18-38.912Z.jpg
Email sent to richard.roppolo@multicare.org
No alert after login
No serials found for vivek.sundaram@glassbeam.com → using base dashboard
Opening dashboard for vivek.sundaram@glassbeam.com: https://gbsuperset.glassbeam.com/superset/dashboard/16/?&schema=muhs_extracts&bc2r_schema=muhs_muhs_prod_bc2r
Dashboard image downloaded for vivek.sundaram@glassbeam.com: /tmp/superset_downloads/daily-report-cathlab-2025-10-17T11-19-10.792Z.jpg
Email sent to vivek.sundaram@glassbeam.com
2025-10-17 12:00:01 [WVUM]
No alert after login
No serials found for abdur.rahman@glassbeam.com → using base dashboard
Opening dashboard for abdur.rahman@glassbeam.com: https://gbsuperset.glassbeam.com/superset/dashboard/16/?&schema=wvum_extracts&bc2r_schema=crothall_wvum_prod_bc2r
Dashboard image downloaded for abdur.rahman@glassbeam.com: /tmp/superset_downloads/daily-report-cathlab-2025-10-17T12-00-34.748Z.jpg
Email sent to abdur.rahman@glassbeam.com
No alert after login
No serials found for aklank.choudhary@glassbeam.com → using base dashboard
Opening dashboard for aklank.choudhary@glassbeam.com: https://gbsuperset.glassbeam.com/superset/dashboard/16/?&schema=wvum_extracts&bc2r_schema=crothall_wvum_prod_bc2r
Dashboard image downloaded for aklank.choudhary@glassbeam.com: /tmp/superset_downloads/daily-report-cathlab-2025-10-17T12-01-07.336Z.jpg
Email sent to aklank.choudhary@glassbeam.com
No alert after login
No serials found for ashik.kalasavalli@glassbeam.com → using base dashboard
Opening dashboard for ashik.kalasavalli@glassbeam.com: https://gbsuperset.glassbeam.com/superset/dashboard/16/?&schema=wvum_extracts&bc2r_schema=crothall_wvum_prod_bc2r
Dashboard image downloaded for ashik.kalasavalli@glassbeam.com: /tmp/superset_downloads/daily-report-cathlab-2025-10-17T12-01-38.321Z.jpg
Email sent to ashik.kalasavalli@glassbeam.com
No alert after login
No serials found for kate.haker@glassbeam.com → using base dashboard
Opening dashboard for kate.haker@glassbeam.com: https://gbsuperset.glassbeam.com/superset/dashboard/16/?&schema=wvum_extracts&bc2r_schema=crothall_wvum_prod_bc2r
Dashboard image downloaded for kate.haker@glassbeam.com: /tmp/superset_downloads/daily-report-cathlab-2025-10-17T12-02-10.436Z.jpg
Email sent to kate.haker@glassbeam.com
No alert after login
No serials found for mahima.panigatti@glassbeam.com → using base dashboard
Opening dashboard for mahima.panigatti@glassbeam.com: https://gbsuperset.glassbeam.com/superset/dashboard/16/?&schema=wvum_extracts&bc2r_schema=crothall_wvum_prod_bc2r
Dashboard image downloaded for mahima.panigatti@glassbeam.com: /tmp/superset_downloads/daily-report-cathlab-2025-10-17T12-02-41.886Z.jpg
Email sent to mahima.panigatti@glassbeam.com
No alert after login
No serials found for shreya@glassbeam.com → using base dashboard
Opening dashboard for shreya@glassbeam.com: https://gbsuperset.glassbeam.com/superset/dashboard/16/?&schema=wvum_extracts&bc2r_schema=crothall_wvum_prod_bc2r
Dashboard image downloaded for shreya@glassbeam.com: /tmp/superset_downloads/daily-report-cathlab-2025-10-17T12-03-13.267Z.jpg
Email sent to shreya@glassbeam.com
[Alert after login] Hello from custom.js!
No serials found for susi.manimaran@glassbeam.com → using base dashboard
Opening dashboard for susi.manimaran@glassbeam.com: https://gbsuperset.glassbeam.com/superset/dashboard/16/?&schema=wvum_extracts&bc2r_schema=crothall_wvum_prod_bc2r
Dashboard image downloaded for susi.manimaran@glassbeam.com: /tmp/superset_downloads/daily-report-cathlab-2025-10-17T12-03-43.414Z.jpg
Email sent to susi.manimaran@glassbeam.com
2025-10-18 11:15:01 [MUHS]
No alert after login
No serials found for abdur.rahman@glassbeam.com → using base dashboard
Opening dashboard for abdur.rahman@glassbeam.com: https://gbsuperset.glassbeam.com/superset/dashboard/16/?&schema=muhs_extracts&bc2r_schema=muhs_muhs_prod_bc2r
Dashboard image downloaded for abdur.rahman@glassbeam.com: /tmp/superset_downloads/daily-report-cathlab-2025-10-18T11-15-33.570Z.jpg
Email sent to abdur.rahman@glassbeam.com
[Alert after login] Hello from custom.js!
No serials found for aklank.choudhary@glassbeam.com → using base dashboard
Opening dashboard for aklank.choudhary@glassbeam.com: https://gbsuperset.glassbeam.com/superset/dashboard/16/?&schema=muhs_extracts&bc2r_schema=muhs_muhs_prod_bc2r
Dashboard image downloaded for aklank.choudhary@glassbeam.com: /tmp/superset_downloads/daily-report-cathlab-2025-10-18T11-16-04.946Z.jpg
Email sent to aklank.choudhary@glassbeam.com
[Alert after login] Hello from custom.js!
No serials found for dl-solutions@glassbeam.com → using base dashboard
Opening dashboard for dl-solutions@glassbeam.com: https://gbsuperset.glassbeam.com/superset/dashboard/16/?&schema=muhs_extracts&bc2r_schema=muhs_muhs_prod_bc2r
Dashboard image downloaded for dl-solutions@glassbeam.com: /tmp/superset_downloads/daily-report-cathlab-2025-10-18T11-16-36.376Z.jpg
Email sent to dl-solutions@glassbeam.com
No alert after login
No serials found for dldavenport@multicare.org → using base dashboard
Opening dashboard for dldavenport@multicare.org: https://gbsuperset.glassbeam.com/superset/dashboard/16/?&schema=muhs_extracts&bc2r_schema=muhs_muhs_prod_bc2r
Dashboard image downloaded for dldavenport@multicare.org: /tmp/superset_downloads/daily-report-cathlab-2025-10-18T11-17-08.077Z.jpg
Email sent to dldavenport@multicare.org
No alert after login
No serials found for kate.haker@glassbeam.com → using base dashboard
Opening dashboard for kate.haker@glassbeam.com: https://gbsuperset.glassbeam.com/superset/dashboard/16/?&schema=muhs_extracts&bc2r_schema=muhs_muhs_prod_bc2r
Dashboard image downloaded for kate.haker@glassbeam.com: /tmp/superset_downloads/daily-report-cathlab-2025-10-18T11-17-39.651Z.jpg
Email sent to kate.haker@glassbeam.com
No alert after login
No serials found for reports@glassbeam.com → using base dashboard
Opening dashboard for reports@glassbeam.com: https://gbsuperset.glassbeam.com/superset/dashboard/16/?&schema=muhs_extracts&bc2r_schema=muhs_muhs_prod_bc2r
Dashboard image downloaded for reports@glassbeam.com: /tmp/superset_downloads/daily-report-cathlab-2025-10-18T11-18-12.587Z.jpg
Email sent to reports@glassbeam.com
No alert after login
No serials found for richard.roppolo@multicare.org → using base dashboard
Opening dashboard for richard.roppolo@multicare.org: https://gbsuperset.glassbeam.com/superset/dashboard/16/?&schema=muhs_extracts&bc2r_schema=muhs_muhs_prod_bc2r
Dashboard image downloaded for richard.roppolo@multicare.org: /tmp/superset_downloads/daily-report-cathlab-2025-10-18T11-18-44.854Z.jpg
Email sent to richard.roppolo@multicare.org
No alert after login
No serials found for vivek.sundaram@glassbeam.com → using base dashboard
Opening dashboard for vivek.sundaram@glassbeam.com: https://gbsuperset.glassbeam.com/superset/dashboard/16/?&schema=muhs_extracts&bc2r_schema=muhs_muhs_prod_bc2r
Dashboard image downloaded for vivek.sundaram@glassbeam.com: /tmp/superset_downloads/daily-report-cathlab-2025-10-18T11-19-16.095Z.jpg
Email sent to vivek.sundaram@glassbeam.com
2025-10-18 12:00:01 [WVUM]
No alert after login
No serials found for abdur.rahman@glassbeam.com → using base dashboard
Opening dashboard for abdur.rahman@glassbeam.com: https://gbsuperset.glassbeam.com/superset/dashboard/16/?&schema=wvum_extracts&bc2r_schema=crothall_wvum_prod_bc2r
Dashboard image downloaded for abdur.rahman@glassbeam.com: /tmp/superset_downloads/daily-report-cathlab-2025-10-18T12-00-34.062Z.jpg
Email sent to abdur.rahman@glassbeam.com
No alert after login
No serials found for aklank.choudhary@glassbeam.com → using base dashboard
Opening dashboard for aklank.choudhary@glassbeam.com: https://gbsuperset.glassbeam.com/superset/dashboard/16/?&schema=wvum_extracts&bc2r_schema=crothall_wvum_prod_bc2r
Dashboard image downloaded for aklank.choudhary@glassbeam.com: /tmp/superset_downloads/daily-report-cathlab-2025-10-18T12-01-07.679Z.jpg
Email sent to aklank.choudhary@glassbeam.com
No alert after login
No serials found for ashik.kalasavalli@glassbeam.com → using base dashboard
Opening dashboard for ashik.kalasavalli@glassbeam.com: https://gbsuperset.glassbeam.com/superset/dashboard/16/?&schema=wvum_extracts&bc2r_schema=crothall_wvum_prod_bc2r
Dashboard image downloaded for ashik.kalasavalli@glassbeam.com: /tmp/superset_downloads/daily-report-cathlab-2025-10-18T12-01-40.706Z.jpg
Email sent to ashik.kalasavalli@glassbeam.com
No alert after login
No serials found for kate.haker@glassbeam.com → using base dashboard
Opening dashboard for kate.haker@glassbeam.com: https://gbsuperset.glassbeam.com/superset/dashboard/16/?&schema=wvum_extracts&bc2r_schema=crothall_wvum_prod_bc2r
Dashboard image downloaded for kate.haker@glassbeam.com: /tmp/superset_downloads/daily-report-cathlab-2025-10-18T12-02-12.424Z.jpg
Email sent to kate.haker@glassbeam.com
No alert after login
No serials found for mahima.panigatti@glassbeam.com → using base dashboard
Opening dashboard for mahima.panigatti@glassbeam.com: https://gbsuperset.glassbeam.com/superset/dashboard/16/?&schema=wvum_extracts&bc2r_schema=crothall_wvum_prod_bc2r
Dashboard image downloaded for mahima.panigatti@glassbeam.com: /tmp/superset_downloads/daily-report-cathlab-2025-10-18T12-02-43.693Z.jpg
Email sent to mahima.panigatti@glassbeam.com
No alert after login
No serials found for shreya@glassbeam.com → using base dashboard
Opening dashboard for shreya@glassbeam.com: https://gbsuperset.glassbeam.com/superset/dashboard/16/?&schema=wvum_extracts&bc2r_schema=crothall_wvum_prod_bc2r
Dashboard image downloaded for shreya@glassbeam.com: /tmp/superset_downloads/daily-report-cathlab-2025-10-18T12-03-16.670Z.jpg
Email sent to shreya@glassbeam.com
[Alert after login] Hello from custom.js!
No serials found for susi.manimaran@glassbeam.com → using base dashboard
Opening dashboard for susi.manimaran@glassbeam.com: https://gbsuperset.glassbeam.com/superset/dashboard/16/?&schema=wvum_extracts&bc2r_schema=crothall_wvum_prod_bc2r
Dashboard image downloaded for susi.manimaran@glassbeam.com: /tmp/superset_downloads/daily-report-cathlab-2025-10-18T12-03-46.359Z.jpg
Email sent to susi.manimaran@glassbeam.com
2025-10-19 11:15:01 [MUHS]
No alert after login
No serials found for abdur.rahman@glassbeam.com → using base dashboard
Opening dashboard for abdur.rahman@glassbeam.com: https://gbsuperset.glassbeam.com/superset/dashboard/16/?&schema=muhs_extracts&bc2r_schema=muhs_muhs_prod_bc2r
Dashboard image downloaded for abdur.rahman@glassbeam.com: /tmp/superset_downloads/daily-report-cathlab-2025-10-19T11-15-33.214Z.jpg
Email sent to abdur.rahman@glassbeam.com
No alert after login
No serials found for aklank.choudhary@glassbeam.com → using base dashboard
Opening dashboard for aklank.choudhary@glassbeam.com: https://gbsuperset.glassbeam.com/superset/dashboard/16/?&schema=muhs_extracts&bc2r_schema=muhs_muhs_prod_bc2r
Dashboard image downloaded for aklank.choudhary@glassbeam.com: /tmp/superset_downloads/daily-report-cathlab-2025-10-19T11-16-05.330Z.jpg
Email sent to aklank.choudhary@glassbeam.com
No alert after login
No serials found for dl-solutions@glassbeam.com → using base dashboard
Opening dashboard for dl-solutions@glassbeam.com: https://gbsuperset.glassbeam.com/superset/dashboard/16/?&schema=muhs_extracts&bc2r_schema=muhs_muhs_prod_bc2r
Dashboard image downloaded for dl-solutions@glassbeam.com: /tmp/superset_downloads/daily-report-cathlab-2025-10-19T11-16-37.698Z.jpg
Email sent to dl-solutions@glassbeam.com
No alert after login
No serials found for dldavenport@multicare.org → using base dashboard
Opening dashboard for dldavenport@multicare.org: https://gbsuperset.glassbeam.com/superset/dashboard/16/?&schema=muhs_extracts&bc2r_schema=muhs_muhs_prod_bc2r
Dashboard image downloaded for dldavenport@multicare.org: /tmp/superset_downloads/daily-report-cathlab-2025-10-19T11-17-09.242Z.jpg
Email sent to dldavenport@multicare.org
No alert after login
No serials found for kate.haker@glassbeam.com → using base dashboard
Opening dashboard for kate.haker@glassbeam.com: https://gbsuperset.glassbeam.com/superset/dashboard/16/?&schema=muhs_extracts&bc2r_schema=muhs_muhs_prod_bc2r
Dashboard image downloaded for kate.haker@glassbeam.com: /tmp/superset_downloads/daily-report-cathlab-2025-10-19T11-17-41.504Z.jpg
Email sent to kate.haker@glassbeam.com
No alert after login
No serials found for reports@glassbeam.com → using base dashboard
Opening dashboard for reports@glassbeam.com: https://gbsuperset.glassbeam.com/superset/dashboard/16/?&schema=muhs_extracts&bc2r_schema=muhs_muhs_prod_bc2r
Dashboard image downloaded for reports@glassbeam.com: /tmp/superset_downloads/daily-report-cathlab-2025-10-19T11-18-12.208Z.jpg
Email sent to reports@glassbeam.com
No alert after login
No serials found for richard.roppolo@multicare.org → using base dashboard
Opening dashboard for richard.roppolo@multicare.org: https://gbsuperset.glassbeam.com/superset/dashboard/16/?&schema=muhs_extracts&bc2r_schema=muhs_muhs_prod_bc2r
Dashboard image downloaded for richard.roppolo@multicare.org: /tmp/superset_downloads/daily-report-cathlab-2025-10-19T11-18-44.957Z.jpg
Email sent to richard.roppolo@multicare.org
No alert after login
No serials found for vivek.sundaram@glassbeam.com → using base dashboard
Opening dashboard for vivek.sundaram@glassbeam.com: https://gbsuperset.glassbeam.com/superset/dashboard/16/?&schema=muhs_extracts&bc2r_schema=muhs_muhs_prod_bc2r
Dashboard image downloaded for vivek.sundaram@glassbeam.com: /tmp/superset_downloads/daily-report-cathlab-2025-10-19T11-19-16.758Z.jpg
Email sent to vivek.sundaram@glassbeam.com
2025-10-19 12:00:02 [WVUM]
No alert after login
No serials found for abdur.rahman@glassbeam.com → using base dashboard
Opening dashboard for abdur.rahman@glassbeam.com: https://gbsuperset.glassbeam.com/superset/dashboard/16/?&schema=wvum_extracts&bc2r_schema=crothall_wvum_prod_bc2r
Dashboard image downloaded for abdur.rahman@glassbeam.com: /tmp/superset_downloads/daily-report-cathlab-2025-10-19T12-00-33.671Z.jpg
Email sent to abdur.rahman@glassbeam.com
No alert after login
No serials found for aklank.choudhary@glassbeam.com → using base dashboard
Opening dashboard for aklank.choudhary@glassbeam.com: https://gbsuperset.glassbeam.com/superset/dashboard/16/?&schema=wvum_extracts&bc2r_schema=crothall_wvum_prod_bc2r
Dashboard image downloaded for aklank.choudhary@glassbeam.com: /tmp/superset_downloads/daily-report-cathlab-2025-10-19T12-01-04.778Z.jpg
Email sent to aklank.choudhary@glassbeam.com
[Alert after login] Hello from custom.js!
No serials found for ashik.kalasavalli@glassbeam.com → using base dashboard
Opening dashboard for ashik.kalasavalli@glassbeam.com: https://gbsuperset.glassbeam.com/superset/dashboard/16/?&schema=wvum_extracts&bc2r_schema=crothall_wvum_prod_bc2r
Dashboard image downloaded for ashik.kalasavalli@glassbeam.com: /tmp/superset_downloads/daily-report-cathlab-2025-10-19T12-01-35.095Z.jpg
Email sent to ashik.kalasavalli@glassbeam.com
[Alert after login] Hello from custom.js!
No serials found for kate.haker@glassbeam.com → using base dashboard
Opening dashboard for kate.haker@glassbeam.com: https://gbsuperset.glassbeam.com/superset/dashboard/16/?&schema=wvum_extracts&bc2r_schema=crothall_wvum_prod_bc2r
Dashboard image downloaded for kate.haker@glassbeam.com: /tmp/superset_downloads/daily-report-cathlab-2025-10-19T12-02-05.581Z.jpg
Email sent to kate.haker@glassbeam.com
No alert after login
No serials found for mahima.panigatti@glassbeam.com → using base dashboard
Opening dashboard for mahima.panigatti@glassbeam.com: https://gbsuperset.glassbeam.com/superset/dashboard/16/?&schema=wvum_extracts&bc2r_schema=crothall_wvum_prod_bc2r
Dashboard image downloaded for mahima.panigatti@glassbeam.com: /tmp/superset_downloads/daily-report-cathlab-2025-10-19T12-02-38.018Z.jpg
Email sent to mahima.panigatti@glassbeam.com
No alert after login
No serials found for shreya@glassbeam.com → using base dashboard
Opening dashboard for shreya@glassbeam.com: https://gbsuperset.glassbeam.com/superset/dashboard/16/?&schema=wvum_extracts&bc2r_schema=crothall_wvum_prod_bc2r
Dashboard image downloaded for shreya@glassbeam.com: /tmp/superset_downloads/daily-report-cathlab-2025-10-19T12-03-09.081Z.jpg
Email sent to shreya@glassbeam.com
No alert after login
No serials found for susi.manimaran@glassbeam.com → using base dashboard
Opening dashboard for susi.manimaran@glassbeam.com: https://gbsuperset.glassbeam.com/superset/dashboard/16/?&schema=wvum_extracts&bc2r_schema=crothall_wvum_prod_bc2r
Dashboard image downloaded for susi.manimaran@glassbeam.com: /tmp/superset_downloads/daily-report-cathlab-2025-10-19T12-03-40.631Z.jpg
Email sent to susi.manimaran@glassbeam.com
2025-10-20 11:15:02 [MUHS]
No alert after login
No serials found for abdur.rahman@glassbeam.com → using base dashboard
Opening dashboard for abdur.rahman@glassbeam.com: https://gbsuperset.glassbeam.com/superset/dashboard/16/?&schema=muhs_extracts&bc2r_schema=muhs_muhs_prod_bc2r
Dashboard image downloaded for abdur.rahman@glassbeam.com: /tmp/superset_downloads/daily-report-cathlab-2025-10-20T11-15-33.891Z.jpg
Email sent to abdur.rahman@glassbeam.com
No alert after login
No serials found for aklank.choudhary@glassbeam.com → using base dashboard
Opening dashboard for aklank.choudhary@glassbeam.com: https://gbsuperset.glassbeam.com/superset/dashboard/16/?&schema=muhs_extracts&bc2r_schema=muhs_muhs_prod_bc2r
Dashboard image downloaded for aklank.choudhary@glassbeam.com: /tmp/superset_downloads/daily-report-cathlab-2025-10-20T11-16-06.539Z.jpg
Email sent to aklank.choudhary@glassbeam.com
No alert after login
No serials found for dl-solutions@glassbeam.com → using base dashboard
Opening dashboard for dl-solutions@glassbeam.com: https://gbsuperset.glassbeam.com/superset/dashboard/16/?&schema=muhs_extracts&bc2r_schema=muhs_muhs_prod_bc2r
Dashboard image downloaded for dl-solutions@glassbeam.com: /tmp/superset_downloads/daily-report-cathlab-2025-10-20T11-16-39.152Z.jpg
Email sent to dl-solutions@glassbeam.com
No alert after login
No serials found for dldavenport@multicare.org → using base dashboard
Opening dashboard for dldavenport@multicare.org: https://gbsuperset.glassbeam.com/superset/dashboard/16/?&schema=muhs_extracts&bc2r_schema=muhs_muhs_prod_bc2r
Dashboard image downloaded for dldavenport@multicare.org: /tmp/superset_downloads/daily-report-cathlab-2025-10-20T11-17-10.853Z.jpg
Email sent to dldavenport@multicare.org
No alert after login
No serials found for kate.haker@glassbeam.com → using base dashboard
Opening dashboard for kate.haker@glassbeam.com: https://gbsuperset.glassbeam.com/superset/dashboard/16/?&schema=muhs_extracts&bc2r_schema=muhs_muhs_prod_bc2r
Dashboard image downloaded for kate.haker@glassbeam.com: /tmp/superset_downloads/daily-report-cathlab-2025-10-20T11-17-42.772Z.jpg
Email sent to kate.haker@glassbeam.com
No alert after login
No serials found for reports@glassbeam.com → using base dashboard
Opening dashboard for reports@glassbeam.com: https://gbsuperset.glassbeam.com/superset/dashboard/16/?&schema=muhs_extracts&bc2r_schema=muhs_muhs_prod_bc2r
Dashboard image downloaded for reports@glassbeam.com: /tmp/superset_downloads/daily-report-cathlab-2025-10-20T11-18-14.934Z.jpg
Email sent to reports@glassbeam.com
No alert after login
No serials found for richard.roppolo@multicare.org → using base dashboard
Opening dashboard for richard.roppolo@multicare.org: https://gbsuperset.glassbeam.com/superset/dashboard/16/?&schema=muhs_extracts&bc2r_schema=muhs_muhs_prod_bc2r
Dashboard image downloaded for richard.roppolo@multicare.org: /tmp/superset_downloads/daily-report-cathlab-2025-10-20T11-18-46.253Z.jpg
Email sent to richard.roppolo@multicare.org
[Alert after login] Hello from custom.js!
No serials found for vivek.sundaram@glassbeam.com → using base dashboard
Opening dashboard for vivek.sundaram@glassbeam.com: https://gbsuperset.glassbeam.com/superset/dashboard/16/?&schema=muhs_extracts&bc2r_schema=muhs_muhs_prod_bc2r
Dashboard image downloaded for vivek.sundaram@glassbeam.com: /tmp/superset_downloads/daily-report-cathlab-2025-10-20T11-19-16.188Z.jpg
Email sent to vivek.sundaram@glassbeam.com
2025-10-20 12:00:01 [WVUM]
[Alert after login] Hello from custom.js!
No serials found for abdur.rahman@glassbeam.com → using base dashboard
Opening dashboard for abdur.rahman@glassbeam.com: https://gbsuperset.glassbeam.com/superset/dashboard/16/?&schema=wvum_extracts&bc2r_schema=crothall_wvum_prod_bc2r
Dashboard image downloaded for abdur.rahman@glassbeam.com: /tmp/superset_downloads/daily-report-cathlab-2025-10-20T12-00-31.581Z.jpg
Email sent to abdur.rahman@glassbeam.com
No alert after login
No serials found for aklank.choudhary@glassbeam.com → using base dashboard
Opening dashboard for aklank.choudhary@glassbeam.com: https://gbsuperset.glassbeam.com/superset/dashboard/16/?&schema=wvum_extracts&bc2r_schema=crothall_wvum_prod_bc2r
Dashboard image downloaded for aklank.choudhary@glassbeam.com: /tmp/superset_downloads/daily-report-cathlab-2025-10-20T12-01-03.147Z.jpg
Email sent to aklank.choudhary@glassbeam.com
[Alert after login] Hello from custom.js!
No serials found for ashik.kalasavalli@glassbeam.com → using base dashboard
Opening dashboard for ashik.kalasavalli@glassbeam.com: https://gbsuperset.glassbeam.com/superset/dashboard/16/?&schema=wvum_extracts&bc2r_schema=crothall_wvum_prod_bc2r
Dashboard image downloaded for ashik.kalasavalli@glassbeam.com: /tmp/superset_downloads/daily-report-cathlab-2025-10-20T12-01-32.747Z.jpg
Email sent to ashik.kalasavalli@glassbeam.com
No alert after login
No serials found for kate.haker@glassbeam.com → using base dashboard
Opening dashboard for kate.haker@glassbeam.com: https://gbsuperset.glassbeam.com/superset/dashboard/16/?&schema=wvum_extracts&bc2r_schema=crothall_wvum_prod_bc2r
Dashboard image downloaded for kate.haker@glassbeam.com: /tmp/superset_downloads/daily-report-cathlab-2025-10-20T12-02-04.676Z.jpg
Email sent to kate.haker@glassbeam.com
[Alert after login] Hello from custom.js!
No serials found for mahima.panigatti@glassbeam.com → using base dashboard
Opening dashboard for mahima.panigatti@glassbeam.com: https://gbsuperset.glassbeam.com/superset/dashboard/16/?&schema=wvum_extracts&bc2r_schema=crothall_wvum_prod_bc2r
Dashboard image downloaded for mahima.panigatti@glassbeam.com: /tmp/superset_downloads/daily-report-cathlab-2025-10-20T12-02-33.844Z.jpg
Email sent to mahima.panigatti@glassbeam.com
No alert after login
No serials found for shreya@glassbeam.com → using base dashboard
Opening dashboard for shreya@glassbeam.com: https://gbsuperset.glassbeam.com/superset/dashboard/16/?&schema=wvum_extracts&bc2r_schema=crothall_wvum_prod_bc2r
Dashboard image downloaded for shreya@glassbeam.com: /tmp/superset_downloads/daily-report-cathlab-2025-10-20T12-03-06.694Z.jpg
Email sent to shreya@glassbeam.com
No alert after login
No serials found for susi.manimaran@glassbeam.com → using base dashboard
Opening dashboard for susi.manimaran@glassbeam.com: https://gbsuperset.glassbeam.com/superset/dashboard/16/?&schema=wvum_extracts&bc2r_schema=crothall_wvum_prod_bc2r
Dashboard image downloaded for susi.manimaran@glassbeam.com: /tmp/superset_downloads/daily-report-cathlab-2025-10-20T12-03-39.127Z.jpg
Email sent to susi.manimaran@glassbeam.com
2025-10-21 11:15:01 [MUHS]
No alert after login
No serials found for abdur.rahman@glassbeam.com → using base dashboard
Opening dashboard for abdur.rahman@glassbeam.com: https://gbsuperset.glassbeam.com/superset/dashboard/16/?&schema=muhs_extracts&bc2r_schema=muhs_muhs_prod_bc2r
Dashboard image downloaded for abdur.rahman@glassbeam.com: /tmp/superset_downloads/daily-report-cathlab-2025-10-21T11-15-33.849Z.jpg
Email sent to abdur.rahman@glassbeam.com
No alert after login
No serials found for aklank.choudhary@glassbeam.com → using base dashboard
Opening dashboard for aklank.choudhary@glassbeam.com: https://gbsuperset.glassbeam.com/superset/dashboard/16/?&schema=muhs_extracts&bc2r_schema=muhs_muhs_prod_bc2r
Dashboard image downloaded for aklank.choudhary@glassbeam.com: /tmp/superset_downloads/daily-report-cathlab-2025-10-21T11-16-06.118Z.jpg
Email sent to aklank.choudhary@glassbeam.com
No alert after login
No serials found for dl-solutions@glassbeam.com → using base dashboard
Opening dashboard for dl-solutions@glassbeam.com: https://gbsuperset.glassbeam.com/superset/dashboard/16/?&schema=muhs_extracts&bc2r_schema=muhs_muhs_prod_bc2r
Dashboard image downloaded for dl-solutions@glassbeam.com: /tmp/superset_downloads/daily-report-cathlab-2025-10-21T11-16-39.016Z.jpg
Email sent to dl-solutions@glassbeam.com
No alert after login
No serials found for dldavenport@multicare.org → using base dashboard
Opening dashboard for dldavenport@multicare.org: https://gbsuperset.glassbeam.com/superset/dashboard/16/?&schema=muhs_extracts&bc2r_schema=muhs_muhs_prod_bc2r
Dashboard image downloaded for dldavenport@multicare.org: /tmp/superset_downloads/daily-report-cathlab-2025-10-21T11-17-11.450Z.jpg
Email sent to dldavenport@multicare.org
No alert after login
No serials found for kate.haker@glassbeam.com → using base dashboard
Opening dashboard for kate.haker@glassbeam.com: https://gbsuperset.glassbeam.com/superset/dashboard/16/?&schema=muhs_extracts&bc2r_schema=muhs_muhs_prod_bc2r
Dashboard image downloaded for kate.haker@glassbeam.com: /tmp/superset_downloads/daily-report-cathlab-2025-10-21T11-17-44.140Z.jpg
Email sent to kate.haker@glassbeam.com
No alert after login
No serials found for reports@glassbeam.com → using base dashboard
Opening dashboard for reports@glassbeam.com: https://gbsuperset.glassbeam.com/superset/dashboard/16/?&schema=muhs_extracts&bc2r_schema=muhs_muhs_prod_bc2r
Dashboard image downloaded for reports@glassbeam.com: /tmp/superset_downloads/daily-report-cathlab-2025-10-21T11-18-16.531Z.jpg
Email sent to reports@glassbeam.com
No alert after login
No serials found for richard.roppolo@multicare.org → using base dashboard
Opening dashboard for richard.roppolo@multicare.org: https://gbsuperset.glassbeam.com/superset/dashboard/16/?&schema=muhs_extracts&bc2r_schema=muhs_muhs_prod_bc2r
Dashboard image downloaded for richard.roppolo@multicare.org: /tmp/superset_downloads/daily-report-cathlab-2025-10-21T11-18-48.597Z.jpg
Email sent to richard.roppolo@multicare.org
No alert after login
No serials found for vivek.sundaram@glassbeam.com → using base dashboard
Opening dashboard for vivek.sundaram@glassbeam.com: https://gbsuperset.glassbeam.com/superset/dashboard/16/?&schema=muhs_extracts&bc2r_schema=muhs_muhs_prod_bc2r
Dashboard image downloaded for vivek.sundaram@glassbeam.com: /tmp/superset_downloads/daily-report-cathlab-2025-10-21T11-19-19.676Z.jpg
Email sent to vivek.sundaram@glassbeam.com
2025-10-21 12:00:01 [WVUM]
No alert after login
No serials found for abdur.rahman@glassbeam.com → using base dashboard
Opening dashboard for abdur.rahman@glassbeam.com: https://gbsuperset.glassbeam.com/superset/dashboard/16/?&schema=wvum_extracts&bc2r_schema=crothall_wvum_prod_bc2r
Dashboard image downloaded for abdur.rahman@glassbeam.com: /tmp/superset_downloads/daily-report-cathlab-2025-10-21T12-00-33.678Z.jpg
Email sent to abdur.rahman@glassbeam.com
[Alert after login] Hello from custom.js!
No serials found for aklank.choudhary@glassbeam.com → using base dashboard
Opening dashboard for aklank.choudhary@glassbeam.com: https://gbsuperset.glassbeam.com/superset/dashboard/16/?&schema=wvum_extracts&bc2r_schema=crothall_wvum_prod_bc2r
Dashboard image downloaded for aklank.choudhary@glassbeam.com: /tmp/superset_downloads/daily-report-cathlab-2025-10-21T12-01-03.048Z.jpg
Email sent to aklank.choudhary@glassbeam.com
No alert after login
No serials found for ashik.kalasavalli@glassbeam.com → using base dashboard
Opening dashboard for ashik.kalasavalli@glassbeam.com: https://gbsuperset.glassbeam.com/superset/dashboard/16/?&schema=wvum_extracts&bc2r_schema=crothall_wvum_prod_bc2r
Dashboard image downloaded for ashik.kalasavalli@glassbeam.com: /tmp/superset_downloads/daily-report-cathlab-2025-10-21T12-01-34.589Z.jpg
Email sent to ashik.kalasavalli@glassbeam.com
No alert after login
No serials found for kate.haker@glassbeam.com → using base dashboard
Opening dashboard for kate.haker@glassbeam.com: https://gbsuperset.glassbeam.com/superset/dashboard/16/?&schema=wvum_extracts&bc2r_schema=crothall_wvum_prod_bc2r
Dashboard image downloaded for kate.haker@glassbeam.com: /tmp/superset_downloads/daily-report-cathlab-2025-10-21T12-02-07.370Z.jpg
Email sent to kate.haker@glassbeam.com
[Alert after login] Hello from custom.js!
No serials found for mahima.panigatti@glassbeam.com → using base dashboard
Opening dashboard for mahima.panigatti@glassbeam.com: https://gbsuperset.glassbeam.com/superset/dashboard/16/?&schema=wvum_extracts&bc2r_schema=crothall_wvum_prod_bc2r
Dashboard image downloaded for mahima.panigatti@glassbeam.com: /tmp/superset_downloads/daily-report-cathlab-2025-10-21T12-02-37.765Z.jpg
Email sent to mahima.panigatti@glassbeam.com
[Alert after login] Hello from custom.js!
No serials found for shreya@glassbeam.com → using base dashboard
Opening dashboard for shreya@glassbeam.com: https://gbsuperset.glassbeam.com/superset/dashboard/16/?&schema=wvum_extracts&bc2r_schema=crothall_wvum_prod_bc2r
Dashboard image downloaded for shreya@glassbeam.com: /tmp/superset_downloads/daily-report-cathlab-2025-10-21T12-03-06.711Z.jpg
Email sent to shreya@glassbeam.com
No alert after login
No serials found for susi.manimaran@glassbeam.com → using base dashboard
Opening dashboard for susi.manimaran@glassbeam.com: https://gbsuperset.glassbeam.com/superset/dashboard/16/?&schema=wvum_extracts&bc2r_schema=crothall_wvum_prod_bc2r
Dashboard image downloaded for susi.manimaran@glassbeam.com: /tmp/superset_downloads/daily-report-cathlab-2025-10-21T12-03-39.567Z.jpg
Email sent to susi.manimaran@glassbeam.com
2025-10-22 11:15:02 [MUHS]
[Alert after login] Hello from custom.js!
No serials found for abdur.rahman@glassbeam.com → using base dashboard
Opening dashboard for abdur.rahman@glassbeam.com: https://gbsuperset.glassbeam.com/superset/dashboard/16/?&schema=muhs_extracts&bc2r_schema=muhs_muhs_prod_bc2r
Dashboard image downloaded for abdur.rahman@glassbeam.com: /tmp/superset_downloads/daily-report-cathlab-2025-10-22T11-15-32.453Z.jpg
Email sent to abdur.rahman@glassbeam.com
No alert after login
No serials found for aklank.choudhary@glassbeam.com → using base dashboard
Opening dashboard for aklank.choudhary@glassbeam.com: https://gbsuperset.glassbeam.com/superset/dashboard/16/?&schema=muhs_extracts&bc2r_schema=muhs_muhs_prod_bc2r
Dashboard image downloaded for aklank.choudhary@glassbeam.com: /tmp/superset_downloads/daily-report-cathlab-2025-10-22T11-16-05.469Z.jpg
Email sent to aklank.choudhary@glassbeam.com
No alert after login
No serials found for dl-solutions@glassbeam.com → using base dashboard
Opening dashboard for dl-solutions@glassbeam.com: https://gbsuperset.glassbeam.com/superset/dashboard/16/?&schema=muhs_extracts&bc2r_schema=muhs_muhs_prod_bc2r
[Alert after opening dashboard] Hello from custom.js!
Dashboard image downloaded for dl-solutions@glassbeam.com: /tmp/superset_downloads/daily-report-cathlab-2025-10-22T11-16-35.679Z.jpg
Email sent to dl-solutions@glassbeam.com
[Alert after login] Hello from custom.js!
No serials found for dldavenport@multicare.org → using base dashboard
Opening dashboard for dldavenport@multicare.org: https://gbsuperset.glassbeam.com/superset/dashboard/16/?&schema=muhs_extracts&bc2r_schema=muhs_muhs_prod_bc2r
Dashboard image downloaded for dldavenport@multicare.org: /tmp/superset_downloads/daily-report-cathlab-2025-10-22T11-17-05.702Z.jpg
Email sent to dldavenport@multicare.org
No alert after login
No serials found for kate.haker@glassbeam.com → using base dashboard
Opening dashboard for kate.haker@glassbeam.com: https://gbsuperset.glassbeam.com/superset/dashboard/16/?&schema=muhs_extracts&bc2r_schema=muhs_muhs_prod_bc2r
Dashboard image downloaded for kate.haker@glassbeam.com: /tmp/superset_downloads/daily-report-cathlab-2025-10-22T11-17-36.947Z.jpg
Email sent to kate.haker@glassbeam.com
No alert after login
No serials found for reports@glassbeam.com → using base dashboard
Opening dashboard for reports@glassbeam.com: https://gbsuperset.glassbeam.com/superset/dashboard/16/?&schema=muhs_extracts&bc2r_schema=muhs_muhs_prod_bc2r
Dashboard image downloaded for reports@glassbeam.com: /tmp/superset_downloads/daily-report-cathlab-2025-10-22T11-18-08.633Z.jpg
Email sent to reports@glassbeam.com
[Alert after login] Hello from custom.js!
No serials found for richard.roppolo@multicare.org → using base dashboard
Opening dashboard for richard.roppolo@multicare.org: https://gbsuperset.glassbeam.com/superset/dashboard/16/?&schema=muhs_extracts&bc2r_schema=muhs_muhs_prod_bc2r
Dashboard image downloaded for richard.roppolo@multicare.org: /tmp/superset_downloads/daily-report-cathlab-2025-10-22T11-18-38.245Z.jpg
Email sent to richard.roppolo@multicare.org
[Alert after login] Hello from custom.js!
No serials found for vivek.sundaram@glassbeam.com → using base dashboard
Opening dashboard for vivek.sundaram@glassbeam.com: https://gbsuperset.glassbeam.com/superset/dashboard/16/?&schema=muhs_extracts&bc2r_schema=muhs_muhs_prod_bc2r
Dashboard image downloaded for vivek.sundaram@glassbeam.com: /tmp/superset_downloads/daily-report-cathlab-2025-10-22T11-19-07.932Z.jpg
Email sent to vivek.sundaram@glassbeam.com
2025-10-22 12:00:01 [WVUM]
No alert after login
No serials found for abdur.rahman@glassbeam.com → using base dashboard
Opening dashboard for abdur.rahman@glassbeam.com: https://gbsuperset.glassbeam.com/superset/dashboard/16/?&schema=wvum_extracts&bc2r_schema=crothall_wvum_prod_bc2r
Dashboard image downloaded for abdur.rahman@glassbeam.com: /tmp/superset_downloads/daily-report-cathlab-2025-10-22T12-00-32.822Z.jpg
Email sent to abdur.rahman@glassbeam.com
[Alert after login] Hello from custom.js!
No serials found for aklank.choudhary@glassbeam.com → using base dashboard
Opening dashboard for aklank.choudhary@glassbeam.com: https://gbsuperset.glassbeam.com/superset/dashboard/16/?&schema=wvum_extracts&bc2r_schema=crothall_wvum_prod_bc2r
Dashboard image downloaded for aklank.choudhary@glassbeam.com: /tmp/superset_downloads/daily-report-cathlab-2025-10-22T12-01-02.289Z.jpg
Email sent to aklank.choudhary@glassbeam.com
No alert after login
No serials found for ashik.kalasavalli@glassbeam.com → using base dashboard
Opening dashboard for ashik.kalasavalli@glassbeam.com: https://gbsuperset.glassbeam.com/superset/dashboard/16/?&schema=wvum_extracts&bc2r_schema=crothall_wvum_prod_bc2r
Dashboard image downloaded for ashik.kalasavalli@glassbeam.com: /tmp/superset_downloads/daily-report-cathlab-2025-10-22T12-01-35.020Z.jpg
Email sent to ashik.kalasavalli@glassbeam.com
[Alert after login] Hello from custom.js!
No serials found for kate.haker@glassbeam.com → using base dashboard
Opening dashboard for kate.haker@glassbeam.com: https://gbsuperset.glassbeam.com/superset/dashboard/16/?&schema=wvum_extracts&bc2r_schema=crothall_wvum_prod_bc2r
Dashboard image downloaded for kate.haker@glassbeam.com: /tmp/superset_downloads/daily-report-cathlab-2025-10-22T12-02-05.261Z.jpg
Email sent to kate.haker@glassbeam.com
No alert after login
No serials found for mahima.panigatti@glassbeam.com → using base dashboard
Opening dashboard for mahima.panigatti@glassbeam.com: https://gbsuperset.glassbeam.com/superset/dashboard/16/?&schema=wvum_extracts&bc2r_schema=crothall_wvum_prod_bc2r
Dashboard image downloaded for mahima.panigatti@glassbeam.com: /tmp/superset_downloads/daily-report-cathlab-2025-10-22T12-02-39.046Z.jpg
Email sent to mahima.panigatti@glassbeam.com
No alert after login
No serials found for shreya@glassbeam.com → using base dashboard
Opening dashboard for shreya@glassbeam.com: https://gbsuperset.glassbeam.com/superset/dashboard/16/?&schema=wvum_extracts&bc2r_schema=crothall_wvum_prod_bc2r
Dashboard image downloaded for shreya@glassbeam.com: /tmp/superset_downloads/daily-report-cathlab-2025-10-22T12-03-11.249Z.jpg
Email sent to shreya@glassbeam.com
No alert after login
No serials found for susi.manimaran@glassbeam.com → using base dashboard
Opening dashboard for susi.manimaran@glassbeam.com: https://gbsuperset.glassbeam.com/superset/dashboard/16/?&schema=wvum_extracts&bc2r_schema=crothall_wvum_prod_bc2r
Dashboard image downloaded for susi.manimaran@glassbeam.com: /tmp/superset_downloads/daily-report-cathlab-2025-10-22T12-03-44.785Z.jpg
Email sent to susi.manimaran@glassbeam.com
2025-10-23 11:15:01 [MUHS]
No alert after login
No serials found for abdur.rahman@glassbeam.com → using base dashboard
Opening dashboard for abdur.rahman@glassbeam.com: https://gbsuperset.glassbeam.com/superset/dashboard/16/?&schema=muhs_extracts&bc2r_schema=muhs_muhs_prod_bc2r
Dashboard image downloaded for abdur.rahman@glassbeam.com: /tmp/superset_downloads/daily-report-cathlab-2025-10-23T11-15-34.445Z.jpg
Email sent to abdur.rahman@glassbeam.com
No alert after login
No serials found for aklank.choudhary@glassbeam.com → using base dashboard
Opening dashboard for aklank.choudhary@glassbeam.com: https://gbsuperset.glassbeam.com/superset/dashboard/16/?&schema=muhs_extracts&bc2r_schema=muhs_muhs_prod_bc2r
Dashboard image downloaded for aklank.choudhary@glassbeam.com: /tmp/superset_downloads/daily-report-cathlab-2025-10-23T11-16-07.866Z.jpg
Email sent to aklank.choudhary@glassbeam.com
[Alert after login] Hello from custom.js!
No serials found for dl-solutions@glassbeam.com → using base dashboard
Opening dashboard for dl-solutions@glassbeam.com: https://gbsuperset.glassbeam.com/superset/dashboard/16/?&schema=muhs_extracts&bc2r_schema=muhs_muhs_prod_bc2r
Dashboard image downloaded for dl-solutions@glassbeam.com: /tmp/superset_downloads/daily-report-cathlab-2025-10-23T11-16-37.763Z.jpg
Email sent to dl-solutions@glassbeam.com
[Alert after login] Hello from custom.js!
No serials found for dldavenport@multicare.org → using base dashboard
Opening dashboard for dldavenport@multicare.org: https://gbsuperset.glassbeam.com/superset/dashboard/16/?&schema=muhs_extracts&bc2r_schema=muhs_muhs_prod_bc2r
Dashboard image downloaded for dldavenport@multicare.org: /tmp/superset_downloads/daily-report-cathlab-2025-10-23T11-17-07.807Z.jpg
Email sent to dldavenport@multicare.org
No alert after login
No serials found for kate.haker@glassbeam.com → using base dashboard
Opening dashboard for kate.haker@glassbeam.com: https://gbsuperset.glassbeam.com/superset/dashboard/16/?&schema=muhs_extracts&bc2r_schema=muhs_muhs_prod_bc2r
Dashboard image downloaded for kate.haker@glassbeam.com: /tmp/superset_downloads/daily-report-cathlab-2025-10-23T11-17-39.675Z.jpg
Email sent to kate.haker@glassbeam.com
[Alert after login] Hello from custom.js!
No serials found for reports@glassbeam.com → using base dashboard
Opening dashboard for reports@glassbeam.com: https://gbsuperset.glassbeam.com/superset/dashboard/16/?&schema=muhs_extracts&bc2r_schema=muhs_muhs_prod_bc2r
Dashboard image downloaded for reports@glassbeam.com: /tmp/superset_downloads/daily-report-cathlab-2025-10-23T11-18-09.127Z.jpg
Email sent to reports@glassbeam.com
No alert after login
No serials found for richard.roppolo@multicare.org → using base dashboard
Opening dashboard for richard.roppolo@multicare.org: https://gbsuperset.glassbeam.com/superset/dashboard/16/?&schema=muhs_extracts&bc2r_schema=muhs_muhs_prod_bc2r
Dashboard image downloaded for richard.roppolo@multicare.org: /tmp/superset_downloads/daily-report-cathlab-2025-10-23T11-18-42.094Z.jpg
Email sent to richard.roppolo@multicare.org
No alert after login
No serials found for vivek.sundaram@glassbeam.com → using base dashboard
Opening dashboard for vivek.sundaram@glassbeam.com: https://gbsuperset.glassbeam.com/superset/dashboard/16/?&schema=muhs_extracts&bc2r_schema=muhs_muhs_prod_bc2r
Dashboard image downloaded for vivek.sundaram@glassbeam.com: /tmp/superset_downloads/daily-report-cathlab-2025-10-23T11-19-14.969Z.jpg
Email sent to vivek.sundaram@glassbeam.com
2025-10-23 12:00:01 [WVUM]
[Alert after login] Hello from custom.js!
No serials found for abdur.rahman@glassbeam.com → using base dashboard
Opening dashboard for abdur.rahman@glassbeam.com: https://gbsuperset.glassbeam.com/superset/dashboard/16/?&schema=wvum_extracts&bc2r_schema=crothall_wvum_prod_bc2r
Dashboard image downloaded for abdur.rahman@glassbeam.com: /tmp/superset_downloads/daily-report-cathlab-2025-10-23T12-00-31.415Z.jpg
Email sent to abdur.rahman@glassbeam.com
No alert after login
No serials found for aklank.choudhary@glassbeam.com → using base dashboard
Opening dashboard for aklank.choudhary@glassbeam.com: https://gbsuperset.glassbeam.com/superset/dashboard/16/?&schema=wvum_extracts&bc2r_schema=crothall_wvum_prod_bc2r
Dashboard image downloaded for aklank.choudhary@glassbeam.com: /tmp/superset_downloads/daily-report-cathlab-2025-10-23T12-01-02.734Z.jpg
Email sent to aklank.choudhary@glassbeam.com
No alert after login
No serials found for ashik.kalasavalli@glassbeam.com → using base dashboard
Opening dashboard for ashik.kalasavalli@glassbeam.com: https://gbsuperset.glassbeam.com/superset/dashboard/16/?&schema=wvum_extracts&bc2r_schema=crothall_wvum_prod_bc2r
Dashboard image downloaded for ashik.kalasavalli@glassbeam.com: /tmp/superset_downloads/daily-report-cathlab-2025-10-23T12-01-34.549Z.jpg
Email sent to ashik.kalasavalli@glassbeam.com
[Alert after login] Hello from custom.js!
No serials found for kate.haker@glassbeam.com → using base dashboard
Opening dashboard for kate.haker@glassbeam.com: https://gbsuperset.glassbeam.com/superset/dashboard/16/?&schema=wvum_extracts&bc2r_schema=crothall_wvum_prod_bc2r
Dashboard image downloaded for kate.haker@glassbeam.com: /tmp/superset_downloads/daily-report-cathlab-2025-10-23T12-02-04.453Z.jpg
Email sent to kate.haker@glassbeam.com
No alert after login
No serials found for mahima.panigatti@glassbeam.com → using base dashboard
Opening dashboard for mahima.panigatti@glassbeam.com: https://gbsuperset.glassbeam.com/superset/dashboard/16/?&schema=wvum_extracts&bc2r_schema=crothall_wvum_prod_bc2r
Dashboard image downloaded for mahima.panigatti@glassbeam.com: /tmp/superset_downloads/daily-report-cathlab-2025-10-23T12-02-37.208Z.jpg
Email sent to mahima.panigatti@glassbeam.com
No alert after login
No serials found for shreya@glassbeam.com → using base dashboard
Opening dashboard for shreya@glassbeam.com: https://gbsuperset.glassbeam.com/superset/dashboard/16/?&schema=wvum_extracts&bc2r_schema=crothall_wvum_prod_bc2r
Dashboard image downloaded for shreya@glassbeam.com: /tmp/superset_downloads/daily-report-cathlab-2025-10-23T12-03-09.628Z.jpg
Email sent to shreya@glassbeam.com
[Alert after login] Hello from custom.js!
No serials found for susi.manimaran@glassbeam.com → using base dashboard
Opening dashboard for susi.manimaran@glassbeam.com: https://gbsuperset.glassbeam.com/superset/dashboard/16/?&schema=wvum_extracts&bc2r_schema=crothall_wvum_prod_bc2r
Dashboard image downloaded for susi.manimaran@glassbeam.com: /tmp/superset_downloads/daily-report-cathlab-2025-10-23T12-03-40.610Z.jpg
Email sent to susi.manimaran@glassbeam.com
2025-10-24 11:15:01 [MUHS]
No alert after login
No serials found for abdur.rahman@glassbeam.com → using base dashboard
Opening dashboard for abdur.rahman@glassbeam.com: https://gbsuperset.glassbeam.com/superset/dashboard/16/?&schema=muhs_extracts&bc2r_schema=muhs_muhs_prod_bc2r
Dashboard image downloaded for abdur.rahman@glassbeam.com: /tmp/superset_downloads/daily-report-cathlab-2025-10-24T11-15-34.308Z.jpg
Email sent to abdur.rahman@glassbeam.com
[Alert after login] Hello from custom.js!
No serials found for aklank.choudhary@glassbeam.com → using base dashboard
Opening dashboard for aklank.choudhary@glassbeam.com: https://gbsuperset.glassbeam.com/superset/dashboard/16/?&schema=muhs_extracts&bc2r_schema=muhs_muhs_prod_bc2r
Dashboard image downloaded for aklank.choudhary@glassbeam.com: /tmp/superset_downloads/daily-report-cathlab-2025-10-24T11-16-05.273Z.jpg
Email sent to aklank.choudhary@glassbeam.com
No alert after login
No serials found for dl-solutions@glassbeam.com → using base dashboard
Opening dashboard for dl-solutions@glassbeam.com: https://gbsuperset.glassbeam.com/superset/dashboard/16/?&schema=muhs_extracts&bc2r_schema=muhs_muhs_prod_bc2r
Dashboard image downloaded for dl-solutions@glassbeam.com: /tmp/superset_downloads/daily-report-cathlab-2025-10-24T11-16-38.290Z.jpg
Email sent to dl-solutions@glassbeam.com
No alert after login
No serials found for dldavenport@multicare.org → using base dashboard
Opening dashboard for dldavenport@multicare.org: https://gbsuperset.glassbeam.com/superset/dashboard/16/?&schema=muhs_extracts&bc2r_schema=muhs_muhs_prod_bc2r
Dashboard image downloaded for dldavenport@multicare.org: /tmp/superset_downloads/daily-report-cathlab-2025-10-24T11-17-09.377Z.jpg
Email sent to dldavenport@multicare.org
No alert after login
No serials found for kate.haker@glassbeam.com → using base dashboard
Opening dashboard for kate.haker@glassbeam.com: https://gbsuperset.glassbeam.com/superset/dashboard/16/?&schema=muhs_extracts&bc2r_schema=muhs_muhs_prod_bc2r
Dashboard image downloaded for kate.haker@glassbeam.com: /tmp/superset_downloads/daily-report-cathlab-2025-10-24T11-17-41.785Z.jpg
Email sent to kate.haker@glassbeam.com
No alert after login
No serials found for reports@glassbeam.com → using base dashboard
Opening dashboard for reports@glassbeam.com: https://gbsuperset.glassbeam.com/superset/dashboard/16/?&schema=muhs_extracts&bc2r_schema=muhs_muhs_prod_bc2r
Dashboard image downloaded for reports@glassbeam.com: /tmp/superset_downloads/daily-report-cathlab-2025-10-24T11-18-14.767Z.jpg
Email sent to reports@glassbeam.com
No alert after login
No serials found for richard.roppolo@multicare.org → using base dashboard
Opening dashboard for richard.roppolo@multicare.org: https://gbsuperset.glassbeam.com/superset/dashboard/16/?&schema=muhs_extracts&bc2r_schema=muhs_muhs_prod_bc2r
Dashboard image downloaded for richard.roppolo@multicare.org: /tmp/superset_downloads/daily-report-cathlab-2025-10-24T11-18-47.547Z.jpg
Email sent to richard.roppolo@multicare.org
[Alert after login] Hello from custom.js!
No serials found for vivek.sundaram@glassbeam.com → using base dashboard
Opening dashboard for vivek.sundaram@glassbeam.com: https://gbsuperset.glassbeam.com/superset/dashboard/16/?&schema=muhs_extracts&bc2r_schema=muhs_muhs_prod_bc2r
Dashboard image downloaded for vivek.sundaram@glassbeam.com: /tmp/superset_downloads/daily-report-cathlab-2025-10-24T11-19-17.968Z.jpg
Email sent to vivek.sundaram@glassbeam.com
2025-10-24 12:00:01 [WVUM]
[Alert after login] Hello from custom.js!
No serials found for abdur.rahman@glassbeam.com → using base dashboard
Opening dashboard for abdur.rahman@glassbeam.com: https://gbsuperset.glassbeam.com/superset/dashboard/16/?&schema=wvum_extracts&bc2r_schema=crothall_wvum_prod_bc2r
Dashboard image downloaded for abdur.rahman@glassbeam.com: /tmp/superset_downloads/daily-report-cathlab-2025-10-24T12-00-31.439Z.jpg
Email sent to abdur.rahman@glassbeam.com
No alert after login
No serials found for aklank.choudhary@glassbeam.com → using base dashboard
Opening dashboard for aklank.choudhary@glassbeam.com: https://gbsuperset.glassbeam.com/superset/dashboard/16/?&schema=wvum_extracts&bc2r_schema=crothall_wvum_prod_bc2r
Dashboard image downloaded for aklank.choudhary@glassbeam.com: /tmp/superset_downloads/daily-report-cathlab-2025-10-24T12-01-04.581Z.jpg
Email sent to aklank.choudhary@glassbeam.com
[Alert after login] Hello from custom.js!
No serials found for ashik.kalasavalli@glassbeam.com → using base dashboard
Opening dashboard for ashik.kalasavalli@glassbeam.com: https://gbsuperset.glassbeam.com/superset/dashboard/16/?&schema=wvum_extracts&bc2r_schema=crothall_wvum_prod_bc2r
Dashboard image downloaded for ashik.kalasavalli@glassbeam.com: /tmp/superset_downloads/daily-report-cathlab-2025-10-24T12-01-35.437Z.jpg
Email sent to ashik.kalasavalli@glassbeam.com
No alert after login
No serials found for kate.haker@glassbeam.com → using base dashboard
Opening dashboard for kate.haker@glassbeam.com: https://gbsuperset.glassbeam.com/superset/dashboard/16/?&schema=wvum_extracts&bc2r_schema=crothall_wvum_prod_bc2r
Dashboard image downloaded for kate.haker@glassbeam.com: /tmp/superset_downloads/daily-report-cathlab-2025-10-24T12-02-07.955Z.jpg
Email sent to kate.haker@glassbeam.com
No alert after login
No serials found for mahima.panigatti@glassbeam.com → using base dashboard
Opening dashboard for mahima.panigatti@glassbeam.com: https://gbsuperset.glassbeam.com/superset/dashboard/16/?&schema=wvum_extracts&bc2r_schema=crothall_wvum_prod_bc2r
Dashboard image downloaded for mahima.panigatti@glassbeam.com: /tmp/superset_downloads/daily-report-cathlab-2025-10-24T12-02-40.350Z.jpg
Email sent to mahima.panigatti@glassbeam.com
No alert after login
No serials found for shreya@glassbeam.com → using base dashboard
Opening dashboard for shreya@glassbeam.com: https://gbsuperset.glassbeam.com/superset/dashboard/16/?&schema=wvum_extracts&bc2r_schema=crothall_wvum_prod_bc2r
Dashboard image downloaded for shreya@glassbeam.com: /tmp/superset_downloads/daily-report-cathlab-2025-10-24T12-03-11.856Z.jpg
Email sent to shreya@glassbeam.com
[Alert after login] Hello from custom.js!
No serials found for susi.manimaran@glassbeam.com → using base dashboard
Opening dashboard for susi.manimaran@glassbeam.com: https://gbsuperset.glassbeam.com/superset/dashboard/16/?&schema=wvum_extracts&bc2r_schema=crothall_wvum_prod_bc2r
Dashboard image downloaded for susi.manimaran@glassbeam.com: /tmp/superset_downloads/daily-report-cathlab-2025-10-24T12-03-41.585Z.jpg
Email sent to susi.manimaran@glassbeam.com
2025-10-25 11:15:02 [MUHS]
No alert after login
No serials found for abdur.rahman@glassbeam.com → using base dashboard
Opening dashboard for abdur.rahman@glassbeam.com: https://gbsuperset.glassbeam.com/superset/dashboard/16/?&schema=muhs_extracts&bc2r_schema=muhs_muhs_prod_bc2r
Dashboard image downloaded for abdur.rahman@glassbeam.com: /tmp/superset_downloads/daily-report-cathlab-2025-10-25T11-15-35.534Z.jpg
Email sent to abdur.rahman@glassbeam.com
No alert after login
No serials found for aklank.choudhary@glassbeam.com → using base dashboard
Opening dashboard for aklank.choudhary@glassbeam.com: https://gbsuperset.glassbeam.com/superset/dashboard/16/?&schema=muhs_extracts&bc2r_schema=muhs_muhs_prod_bc2r
Dashboard image downloaded for aklank.choudhary@glassbeam.com: /tmp/superset_downloads/daily-report-cathlab-2025-10-25T11-16-07.668Z.jpg
Email sent to aklank.choudhary@glassbeam.com
No alert after login
No serials found for dl-solutions@glassbeam.com → using base dashboard
Opening dashboard for dl-solutions@glassbeam.com: https://gbsuperset.glassbeam.com/superset/dashboard/16/?&schema=muhs_extracts&bc2r_schema=muhs_muhs_prod_bc2r
Dashboard image downloaded for dl-solutions@glassbeam.com: /tmp/superset_downloads/daily-report-cathlab-2025-10-25T11-16-40.823Z.jpg
Email sent to dl-solutions@glassbeam.com
No alert after login
No serials found for dldavenport@multicare.org → using base dashboard
Opening dashboard for dldavenport@multicare.org: https://gbsuperset.glassbeam.com/superset/dashboard/16/?&schema=muhs_extracts&bc2r_schema=muhs_muhs_prod_bc2r
Dashboard image downloaded for dldavenport@multicare.org: /tmp/superset_downloads/daily-report-cathlab-2025-10-25T11-17-14.064Z.jpg
Email sent to dldavenport@multicare.org
No alert after login
No serials found for kate.haker@glassbeam.com → using base dashboard
Opening dashboard for kate.haker@glassbeam.com: https://gbsuperset.glassbeam.com/superset/dashboard/16/?&schema=muhs_extracts&bc2r_schema=muhs_muhs_prod_bc2r
Dashboard image downloaded for kate.haker@glassbeam.com: /tmp/superset_downloads/daily-report-cathlab-2025-10-25T11-17-46.155Z.jpg
Email sent to kate.haker@glassbeam.com
[Alert after login] Hello from custom.js!
No serials found for reports@glassbeam.com → using base dashboard
Opening dashboard for reports@glassbeam.com: https://gbsuperset.glassbeam.com/superset/dashboard/16/?&schema=muhs_extracts&bc2r_schema=muhs_muhs_prod_bc2r
Dashboard image downloaded for reports@glassbeam.com: /tmp/superset_downloads/daily-report-cathlab-2025-10-25T11-18-16.553Z.jpg
Email sent to reports@glassbeam.com
No alert after login
No serials found for richard.roppolo@multicare.org → using base dashboard
Opening dashboard for richard.roppolo@multicare.org: https://gbsuperset.glassbeam.com/superset/dashboard/16/?&schema=muhs_extracts&bc2r_schema=muhs_muhs_prod_bc2r
Dashboard image downloaded for richard.roppolo@multicare.org: /tmp/superset_downloads/daily-report-cathlab-2025-10-25T11-18-48.803Z.jpg
Email sent to richard.roppolo@multicare.org
No alert after login
No serials found for vivek.sundaram@glassbeam.com → using base dashboard
Opening dashboard for vivek.sundaram@glassbeam.com: https://gbsuperset.glassbeam.com/superset/dashboard/16/?&schema=muhs_extracts&bc2r_schema=muhs_muhs_prod_bc2r
Dashboard image downloaded for vivek.sundaram@glassbeam.com: /tmp/superset_downloads/daily-report-cathlab-2025-10-25T11-19-20.838Z.jpg
Email sent to vivek.sundaram@glassbeam.com
2025-10-25 12:00:01 [WVUM]
No alert after login
No serials found for abdur.rahman@glassbeam.com → using base dashboard
Opening dashboard for abdur.rahman@glassbeam.com: https://gbsuperset.glassbeam.com/superset/dashboard/16/?&schema=wvum_extracts&bc2r_schema=crothall_wvum_prod_bc2r
Dashboard image downloaded for abdur.rahman@glassbeam.com: /tmp/superset_downloads/daily-report-cathlab-2025-10-25T12-00-32.817Z.jpg
Email sent to abdur.rahman@glassbeam.com
No alert after login
No serials found for aklank.choudhary@glassbeam.com → using base dashboard
Opening dashboard for aklank.choudhary@glassbeam.com: https://gbsuperset.glassbeam.com/superset/dashboard/16/?&schema=wvum_extracts&bc2r_schema=crothall_wvum_prod_bc2r
Dashboard image downloaded for aklank.choudhary@glassbeam.com: /tmp/superset_downloads/daily-report-cathlab-2025-10-25T12-01-04.797Z.jpg
Email sent to aklank.choudhary@glassbeam.com
[Alert after login] Hello from custom.js!
No serials found for ashik.kalasavalli@glassbeam.com → using base dashboard
Opening dashboard for ashik.kalasavalli@glassbeam.com: https://gbsuperset.glassbeam.com/superset/dashboard/16/?&schema=wvum_extracts&bc2r_schema=crothall_wvum_prod_bc2r
Dashboard image downloaded for ashik.kalasavalli@glassbeam.com: /tmp/superset_downloads/daily-report-cathlab-2025-10-25T12-01-35.310Z.jpg
Email sent to ashik.kalasavalli@glassbeam.com
No alert after login
No serials found for kate.haker@glassbeam.com → using base dashboard
Opening dashboard for kate.haker@glassbeam.com: https://gbsuperset.glassbeam.com/superset/dashboard/16/?&schema=wvum_extracts&bc2r_schema=crothall_wvum_prod_bc2r
Dashboard image downloaded for kate.haker@glassbeam.com: /tmp/superset_downloads/daily-report-cathlab-2025-10-25T12-02-07.713Z.jpg
Email sent to kate.haker@glassbeam.com
No alert after login
No serials found for mahima.panigatti@glassbeam.com → using base dashboard
Opening dashboard for mahima.panigatti@glassbeam.com: https://gbsuperset.glassbeam.com/superset/dashboard/16/?&schema=wvum_extracts&bc2r_schema=crothall_wvum_prod_bc2r
Dashboard image downloaded for mahima.panigatti@glassbeam.com: /tmp/superset_downloads/daily-report-cathlab-2025-10-25T12-02-40.705Z.jpg
Email sent to mahima.panigatti@glassbeam.com
[Alert after login] Hello from custom.js!
No serials found for shreya@glassbeam.com → using base dashboard
Opening dashboard for shreya@glassbeam.com: https://gbsuperset.glassbeam.com/superset/dashboard/16/?&schema=wvum_extracts&bc2r_schema=crothall_wvum_prod_bc2r
Dashboard image downloaded for shreya@glassbeam.com: /tmp/superset_downloads/daily-report-cathlab-2025-10-25T12-03-11.613Z.jpg
Email sent to shreya@glassbeam.com
[Alert after login] Hello from custom.js!
No serials found for susi.manimaran@glassbeam.com → using base dashboard
Opening dashboard for susi.manimaran@glassbeam.com: https://gbsuperset.glassbeam.com/superset/dashboard/16/?&schema=wvum_extracts&bc2r_schema=crothall_wvum_prod_bc2r
[Alert after opening dashboard] Hello from custom.js!
Dashboard image downloaded for susi.manimaran@glassbeam.com: /tmp/superset_downloads/daily-report-cathlab-2025-10-25T12-03-39.745Z.jpg
Email sent to susi.manimaran@glassbeam.com
2025-10-26 11:15:02 [MUHS]
No alert after login
No serials found for abdur.rahman@glassbeam.com → using base dashboard
Opening dashboard for abdur.rahman@glassbeam.com: https://gbsuperset.glassbeam.com/superset/dashboard/16/?&schema=muhs_extracts&bc2r_schema=muhs_muhs_prod_bc2r
Dashboard image downloaded for abdur.rahman@glassbeam.com: /tmp/superset_downloads/daily-report-cathlab-2025-10-26T11-15-33.437Z.jpg
Email sent to abdur.rahman@glassbeam.com
No alert after login
No serials found for aklank.choudhary@glassbeam.com → using base dashboard
Opening dashboard for aklank.choudhary@glassbeam.com: https://gbsuperset.glassbeam.com/superset/dashboard/16/?&schema=muhs_extracts&bc2r_schema=muhs_muhs_prod_bc2r
Dashboard image downloaded for aklank.choudhary@glassbeam.com: /tmp/superset_downloads/daily-report-cathlab-2025-10-26T11-16-04.627Z.jpg
Email sent to aklank.choudhary@glassbeam.com
No alert after login
No serials found for dl-solutions@glassbeam.com → using base dashboard
Opening dashboard for dl-solutions@glassbeam.com: https://gbsuperset.glassbeam.com/superset/dashboard/16/?&schema=muhs_extracts&bc2r_schema=muhs_muhs_prod_bc2r
Dashboard image downloaded for dl-solutions@glassbeam.com: /tmp/superset_downloads/daily-report-cathlab-2025-10-26T11-16-36.050Z.jpg
Email sent to dl-solutions@glassbeam.com
[Alert after login] Hello from custom.js!
No serials found for dldavenport@multicare.org → using base dashboard
Opening dashboard for dldavenport@multicare.org: https://gbsuperset.glassbeam.com/superset/dashboard/16/?&schema=muhs_extracts&bc2r_schema=muhs_muhs_prod_bc2r
Dashboard image downloaded for dldavenport@multicare.org: /tmp/superset_downloads/daily-report-cathlab-2025-10-26T11-17-05.056Z.jpg
Email sent to dldavenport@multicare.org
No alert after login
No serials found for kate.haker@glassbeam.com → using base dashboard
Opening dashboard for kate.haker@glassbeam.com: https://gbsuperset.glassbeam.com/superset/dashboard/16/?&schema=muhs_extracts&bc2r_schema=muhs_muhs_prod_bc2r
Dashboard image downloaded for kate.haker@glassbeam.com: /tmp/superset_downloads/daily-report-cathlab-2025-10-26T11-17-36.998Z.jpg
Email sent to kate.haker@glassbeam.com
No alert after login
No serials found for reports@glassbeam.com → using base dashboard
Opening dashboard for reports@glassbeam.com: https://gbsuperset.glassbeam.com/superset/dashboard/16/?&schema=muhs_extracts&bc2r_schema=muhs_muhs_prod_bc2r
Dashboard image downloaded for reports@glassbeam.com: /tmp/superset_downloads/daily-report-cathlab-2025-10-26T11-18-09.196Z.jpg
Email sent to reports@glassbeam.com
[Alert after login] Hello from custom.js!
No serials found for richard.roppolo@multicare.org → using base dashboard
Opening dashboard for richard.roppolo@multicare.org: https://gbsuperset.glassbeam.com/superset/dashboard/16/?&schema=muhs_extracts&bc2r_schema=muhs_muhs_prod_bc2r
Dashboard image downloaded for richard.roppolo@multicare.org: /tmp/superset_downloads/daily-report-cathlab-2025-10-26T11-18-38.795Z.jpg
Email sent to richard.roppolo@multicare.org
[Alert after login] Hello from custom.js!
No serials found for vivek.sundaram@glassbeam.com → using base dashboard
Opening dashboard for vivek.sundaram@glassbeam.com: https://gbsuperset.glassbeam.com/superset/dashboard/16/?&schema=muhs_extracts&bc2r_schema=muhs_muhs_prod_bc2r
Dashboard image downloaded for vivek.sundaram@glassbeam.com: /tmp/superset_downloads/daily-report-cathlab-2025-10-26T11-19-08.194Z.jpg
Email sent to vivek.sundaram@glassbeam.com
2025-10-26 12:00:01 [WVUM]
[Alert after login] Hello from custom.js!
No serials found for abdur.rahman@glassbeam.com → using base dashboard
Opening dashboard for abdur.rahman@glassbeam.com: https://gbsuperset.glassbeam.com/superset/dashboard/16/?&schema=wvum_extracts&bc2r_schema=crothall_wvum_prod_bc2r
Dashboard image downloaded for abdur.rahman@glassbeam.com: /tmp/superset_downloads/daily-report-cathlab-2025-10-26T12-00-30.859Z.jpg
Email sent to abdur.rahman@glassbeam.com
[Alert after login] Hello from custom.js!
No serials found for aklank.choudhary@glassbeam.com → using base dashboard
Opening dashboard for aklank.choudhary@glassbeam.com: https://gbsuperset.glassbeam.com/superset/dashboard/16/?&schema=wvum_extracts&bc2r_schema=crothall_wvum_prod_bc2r
Dashboard image downloaded for aklank.choudhary@glassbeam.com: /tmp/superset_downloads/daily-report-cathlab-2025-10-26T12-01-00.708Z.jpg
Email sent to aklank.choudhary@glassbeam.com
No alert after login
No serials found for ashik.kalasavalli@glassbeam.com → using base dashboard
Opening dashboard for ashik.kalasavalli@glassbeam.com: https://gbsuperset.glassbeam.com/superset/dashboard/16/?&schema=wvum_extracts&bc2r_schema=crothall_wvum_prod_bc2r
Dashboard image downloaded for ashik.kalasavalli@glassbeam.com: /tmp/superset_downloads/daily-report-cathlab-2025-10-26T12-01-32.259Z.jpg
Email sent to ashik.kalasavalli@glassbeam.com
No alert after login
No serials found for kate.haker@glassbeam.com → using base dashboard
Opening dashboard for kate.haker@glassbeam.com: https://gbsuperset.glassbeam.com/superset/dashboard/16/?&schema=wvum_extracts&bc2r_schema=crothall_wvum_prod_bc2r
Dashboard image downloaded for kate.haker@glassbeam.com: /tmp/superset_downloads/daily-report-cathlab-2025-10-26T12-02-04.007Z.jpg
Email sent to kate.haker@glassbeam.com
No alert after login
No serials found for mahima.panigatti@glassbeam.com → using base dashboard
Opening dashboard for mahima.panigatti@glassbeam.com: https://gbsuperset.glassbeam.com/superset/dashboard/16/?&schema=wvum_extracts&bc2r_schema=crothall_wvum_prod_bc2r
Dashboard image downloaded for mahima.panigatti@glassbeam.com: /tmp/superset_downloads/daily-report-cathlab-2025-10-26T12-02-36.040Z.jpg
Email sent to mahima.panigatti@glassbeam.com
No alert after login
No serials found for shreya@glassbeam.com → using base dashboard
Opening dashboard for shreya@glassbeam.com: https://gbsuperset.glassbeam.com/superset/dashboard/16/?&schema=wvum_extracts&bc2r_schema=crothall_wvum_prod_bc2r
Dashboard image downloaded for shreya@glassbeam.com: /tmp/superset_downloads/daily-report-cathlab-2025-10-26T12-03-07.011Z.jpg
Email sent to shreya@glassbeam.com
No alert after login
No serials found for susi.manimaran@glassbeam.com → using base dashboard
Opening dashboard for susi.manimaran@glassbeam.com: https://gbsuperset.glassbeam.com/superset/dashboard/16/?&schema=wvum_extracts&bc2r_schema=crothall_wvum_prod_bc2r
Dashboard image downloaded for susi.manimaran@glassbeam.com: /tmp/superset_downloads/daily-report-cathlab-2025-10-26T12-03-39.306Z.jpg
Email sent to susi.manimaran@glassbeam.com
2025-10-27 11:15:01 [MUHS]
No alert after login
No serials found for abdur.rahman@glassbeam.com → using base dashboard
Opening dashboard for abdur.rahman@glassbeam.com: https://gbsuperset.glassbeam.com/superset/dashboard/16/?&schema=muhs_extracts&bc2r_schema=muhs_muhs_prod_bc2r
Dashboard image downloaded for abdur.rahman@glassbeam.com: /tmp/superset_downloads/daily-report-cathlab-2025-10-27T11-15-33.281Z.jpg
Email sent to abdur.rahman@glassbeam.com
No alert after login
No serials found for aklank.choudhary@glassbeam.com → using base dashboard
Opening dashboard for aklank.choudhary@glassbeam.com: https://gbsuperset.glassbeam.com/superset/dashboard/16/?&schema=muhs_extracts&bc2r_schema=muhs_muhs_prod_bc2r
Dashboard image downloaded for aklank.choudhary@glassbeam.com: /tmp/superset_downloads/daily-report-cathlab-2025-10-27T11-16-04.701Z.jpg
Email sent to aklank.choudhary@glassbeam.com
[Alert after login] Hello from custom.js!
No serials found for dl-solutions@glassbeam.com → using base dashboard
Opening dashboard for dl-solutions@glassbeam.com: https://gbsuperset.glassbeam.com/superset/dashboard/16/?&schema=muhs_extracts&bc2r_schema=muhs_muhs_prod_bc2r
Dashboard image downloaded for dl-solutions@glassbeam.com: /tmp/superset_downloads/daily-report-cathlab-2025-10-27T11-16-34.730Z.jpg
Email sent to dl-solutions@glassbeam.com
[Alert after login] Hello from custom.js!
No serials found for dldavenport@multicare.org → using base dashboard
Opening dashboard for dldavenport@multicare.org: https://gbsuperset.glassbeam.com/superset/dashboard/16/?&schema=muhs_extracts&bc2r_schema=muhs_muhs_prod_bc2r
Dashboard image downloaded for dldavenport@multicare.org: /tmp/superset_downloads/daily-report-cathlab-2025-10-27T11-17-04.713Z.jpg
Email sent to dldavenport@multicare.org
No alert after login
No serials found for kate.haker@glassbeam.com → using base dashboard
Opening dashboard for kate.haker@glassbeam.com: https://gbsuperset.glassbeam.com/superset/dashboard/16/?&schema=muhs_extracts&bc2r_schema=muhs_muhs_prod_bc2r
Dashboard image downloaded for kate.haker@glassbeam.com: /tmp/superset_downloads/daily-report-cathlab-2025-10-27T11-17-37.264Z.jpg
Email sent to kate.haker@glassbeam.com
[Alert after login] Hello from custom.js!
No serials found for reports@glassbeam.com → using base dashboard
Opening dashboard for reports@glassbeam.com: https://gbsuperset.glassbeam.com/superset/dashboard/16/?&schema=muhs_extracts&bc2r_schema=muhs_muhs_prod_bc2r
Dashboard image downloaded for reports@glassbeam.com: /tmp/superset_downloads/daily-report-cathlab-2025-10-27T11-18-07.413Z.jpg
Email sent to reports@glassbeam.com
No alert after login
No serials found for richard.roppolo@multicare.org → using base dashboard
Opening dashboard for richard.roppolo@multicare.org: https://gbsuperset.glassbeam.com/superset/dashboard/16/?&schema=muhs_extracts&bc2r_schema=muhs_muhs_prod_bc2r
Dashboard image downloaded for richard.roppolo@multicare.org: /tmp/superset_downloads/daily-report-cathlab-2025-10-27T11-18-39.341Z.jpg
Email sent to richard.roppolo@multicare.org
No alert after login
No serials found for vivek.sundaram@glassbeam.com → using base dashboard
Opening dashboard for vivek.sundaram@glassbeam.com: https://gbsuperset.glassbeam.com/superset/dashboard/16/?&schema=muhs_extracts&bc2r_schema=muhs_muhs_prod_bc2r
Dashboard image downloaded for vivek.sundaram@glassbeam.com: /tmp/superset_downloads/daily-report-cathlab-2025-10-27T11-19-13.022Z.jpg
Email sent to vivek.sundaram@glassbeam.com
2025-10-27 12:00:01 [WVUM]
No alert after login
No serials found for abdur.rahman@glassbeam.com → using base dashboard
Opening dashboard for abdur.rahman@glassbeam.com: https://gbsuperset.glassbeam.com/superset/dashboard/16/?&schema=wvum_extracts&bc2r_schema=crothall_wvum_prod_bc2r
Dashboard image downloaded for abdur.rahman@glassbeam.com: /tmp/superset_downloads/daily-report-cathlab-2025-10-27T12-00-33.392Z.jpg
Email sent to abdur.rahman@glassbeam.com
[Alert after login] Hello from custom.js!
No serials found for aklank.choudhary@glassbeam.com → using base dashboard
Opening dashboard for aklank.choudhary@glassbeam.com: https://gbsuperset.glassbeam.com/superset/dashboard/16/?&schema=wvum_extracts&bc2r_schema=crothall_wvum_prod_bc2r
Dashboard image downloaded for aklank.choudhary@glassbeam.com: /tmp/superset_downloads/daily-report-cathlab-2025-10-27T12-01-03.387Z.jpg
Email sent to aklank.choudhary@glassbeam.com
[Alert after login] Hello from custom.js!
No serials found for ashik.kalasavalli@glassbeam.com → using base dashboard
Opening dashboard for ashik.kalasavalli@glassbeam.com: https://gbsuperset.glassbeam.com/superset/dashboard/16/?&schema=wvum_extracts&bc2r_schema=crothall_wvum_prod_bc2r
Dashboard image downloaded for ashik.kalasavalli@glassbeam.com: /tmp/superset_downloads/daily-report-cathlab-2025-10-27T12-01-33.786Z.jpg
Email sent to ashik.kalasavalli@glassbeam.com
[Alert after login] Hello from custom.js!
No serials found for kate.haker@glassbeam.com → using base dashboard
Opening dashboard for kate.haker@glassbeam.com: https://gbsuperset.glassbeam.com/superset/dashboard/16/?&schema=wvum_extracts&bc2r_schema=crothall_wvum_prod_bc2r
Dashboard image downloaded for kate.haker@glassbeam.com: /tmp/superset_downloads/daily-report-cathlab-2025-10-27T12-02-03.667Z.jpg
Email sent to kate.haker@glassbeam.com
No alert after login
No serials found for mahima.panigatti@glassbeam.com → using base dashboard
Opening dashboard for mahima.panigatti@glassbeam.com: https://gbsuperset.glassbeam.com/superset/dashboard/16/?&schema=wvum_extracts&bc2r_schema=crothall_wvum_prod_bc2r
Dashboard image downloaded for mahima.panigatti@glassbeam.com: /tmp/superset_downloads/daily-report-cathlab-2025-10-27T12-02-35.015Z.jpg
Email sent to mahima.panigatti@glassbeam.com
No alert after login
No serials found for shreya@glassbeam.com → using base dashboard
Opening dashboard for shreya@glassbeam.com: https://gbsuperset.glassbeam.com/superset/dashboard/16/?&schema=wvum_extracts&bc2r_schema=crothall_wvum_prod_bc2r
Dashboard image downloaded for shreya@glassbeam.com: /tmp/superset_downloads/daily-report-cathlab-2025-10-27T12-03-07.651Z.jpg
Email sent to shreya@glassbeam.com
No alert after login
No serials found for susi.manimaran@glassbeam.com → using base dashboard
Opening dashboard for susi.manimaran@glassbeam.com: https://gbsuperset.glassbeam.com/superset/dashboard/16/?&schema=wvum_extracts&bc2r_schema=crothall_wvum_prod_bc2r
Dashboard image downloaded for susi.manimaran@glassbeam.com: /tmp/superset_downloads/daily-report-cathlab-2025-10-27T12-03-38.838Z.jpg
Email sent to susi.manimaran@glassbeam.com
